Areaname,FIPS,Poverty Change 2000-2009 (%),Mean Poverty 2000-2009 (%)
ALABAMA,1000,2.9,16.05
"Autauga, AL",1001,0.7,10.88
"Baldwin, AL",1003,3.6,10.76
"Barbour, AL",1005,10.6,25.05
"Bibb, AL",1007,0.3,17.78
"Blount, AL",1009,2.6,12.75
"Bullock, AL",1011,6.1,32.28
"Butler, AL",1013,8.7,22.45
"Calhoun, AL",1015,3.9,16.87
"Chambers, AL",1017,5.3,17.07
"Cherokee, AL",1019,2.8,16.94
"Chilton, AL",1021,3.4,16.48
"Choctaw, AL",1023,4,21.13
"Clarke, AL",1025,10,21.62
"Clay, AL",1027,4.9,15.51
"Cleburne, AL",1029,2.6,15.34
"Coffee, AL",1031,1.3,14.89
"Colbert, AL",1033,2.9,14.61
"Conecuh, AL",1035,4.7,24.51
"Coosa, AL",1037,2.2,15.56
"Covington, AL",1039,4.9,18.64
"Crenshaw, AL",1041,1.5,19.42
"Cullman, AL",1043,6.5,14.68
"Dale, AL",1045,0.9,16.11
"Dallas, AL",1047,10.6,28.52
"DeKalb, AL",1049,6.9,17.38
"Elmore, AL",1051,2.1,12.65
"Escambia, AL",1053,3.4,21.05
"Etowah, AL",1055,1.7,16.46
"Fayette, AL",1057,4.1,17.36
"Franklin, AL",1059,4.9,18.65
"Geneva, AL",1061,1,18.93
"Greene, AL",1063,1.6,29.1
"Hale, AL",1065,4.9,24.34
"Henry, AL",1067,2.4,17.37
"Houston, AL",1069,2.7,15.72
"Jackson, AL",1071,3.1,15.81
"Jefferson, AL",1073,3.7,14.55
"Lamar, AL",1075,2.1,17.31
"Lauderdale, AL",1077,1.8,15.95
"Lawrence, AL",1079,2.2,14.94
"Lee, AL",1081,6.5,16.89
"Limestone, AL",1083,1.3,12.7
"Lowndes, AL",1085,4.5,26.41
"Macon, AL",1087,11,29.91
"Madison, AL",1089,0.2,10.79
"Marengo, AL",1091,4.4,22.19
"Marion, AL",1093,4.3,18.59
"Marshall, AL",1095,4.8,16.95
"Mobile, AL",1097,1.6,18.97
"Monroe, AL",1099,4.6,20.56
"Montgomery, AL",1101,3.9,17.97
"Morgan, AL",1103,4.8,13.56
"Perry, AL",1105,0,31.81
"Pickens, AL",1107,7.9,22.24
"Pike, AL",1109,5.8,24.27
"Randolph, AL",1111,4.4,18.01
"Russell, AL",1113,2.8,20.08
"St. Clair, AL",1115,1,12.84
"Shelby, AL",1117,0.5,6.68
"Sumter, AL",1119,6.5,31.14
"Talladega, AL",1121,2,18.01
"Tallapoosa, AL",1123,2.1,17.37
"Tuscaloosa, AL",1125,4.8,17.69
"Walker, AL",1127,1.1,16.26
"Washington, AL",1129,2.3,18.37
"Wilcox, AL",1131,4,32.32
"Winston, AL",1133,7.3,18.95
ALASKA,2000,0.6,9.62
"Aleutians East, AK",2013,1.3,13.98
"Aleutians West, AK",2016,3,8.05
"Anchorage, AK",2020,0.9,8.03
"Bethel, AK",2050,-1.5,21.41
"Bristol Bay, AK",2060,1.9,7.7
"Denali, AK",2068,0,5.59
"Dillingham, AK",2070,0.6,19.49
"Fairbanks North Star, AK",2090,0.9,7.77
"Haines, AK",2100,-0.4,11.18
"Hoonah-Angoon, AK",2105,9.4,11.94
"Juneau, AK",2110,0.8,6.82
"Kenai Peninsula, AK",2122,-0.2,9.87
"Ketchikan Gateway, AK",2130,1.1,8.42
"Kodiak Island, AK",2150,-0.3,8
"Lake and Peninsula, AK",2164,-1.2,18.16
"Matanuska-Susitna, AK",2170,-0.1,9.79
"Nome, AK",2180,4,19.82
"North Slope, AK",2185,0,11.08
"Northwest Arctic, AK",2188,-0.5,17.8
"Petersburg, AK",2195,0.9,9.24
"Prince of Wales-Hyder, AK",2198,0.9,15.42
"Sitka, AK",2220,0.8,7.64
"Skagway, AK",2230,4,0.4
"Southeast Fairbanks, AK",2240,-4.8,15.08
"Valdez-Cordova, AK",2261,0.1,8.93
"Wade Hampton, AK",2270,2.1,29.25
"Wrangell, AK",2275,10.5,1.05
"Yakutat, AK",2282,5.6,11.97
"Yukon-Koyukuk, AK",2290,4.6,21.19
ARIZONA,4000,4,14.17
"Apache, AZ",4001,4.6,32.41
"Cochise, AZ",4003,-0.5,16.76
"Coconino, AZ",4005,2.4,16.39
"Gila, AZ",4007,2.9,18.33
"Graham, AZ",4009,0.2,22.15
"Greenlee, AZ",4011,1.2,11.15
"La Paz, AZ",4012,4.7,21.74
"Maricopa, AZ",4013,4.9,12.58
"Mohave, AZ",4015,2.4,15.73
"Navajo, AZ",4017,3.1,24.5
"Pima, AZ",4019,5.9,14.99
"Pinal, AZ",4021,-2.1,14.93
"Santa Cruz, AZ",4023,3.3,20.7
"Yavapai, AZ",4025,2.2,12.71
"Yuma, AZ",4027,-2.2,19.57
ARKANSAS,5000,3.5,16.67
"Arkansas, AR",5001,1,17.72
"Ashley, AR",5003,5.2,18.8
"Baxter, AR",5005,3.8,14.26
"Benton, AR",5007,3.8,10.41
"Boone, AR",5009,1.5,15.46
"Bradley, AR",5011,7,23.14
"Calhoun, AR",5013,2.5,16.08
"Carroll, AR",5015,1.9,16.37
"Chicot, AR",5017,5,30.96
"Clark, AR",5019,5.5,19.8
"Clay, AR",5021,4.3,18.1
"Cleburne, AR",5023,3.3,15.23
"Cleveland, AR",5025,1.9,15.29
"Columbia, AR",5027,7,21.47
"Conway, AR",5029,3.9,17.11
"Craighead, AR",5031,3.9,16.19
"Crawford, AR",5033,3.8,15.66
"Crittenden, AR",5035,7.2,23.54
"Cross, AR",5037,0,19.14
"Dallas, AR",5039,3.9,20.58
"Desha, AR",5041,3.7,25.85
"Drew, AR",5043,6.1,19.61
"Faulkner, AR",5045,3.6,13.21
"Franklin, AR",5047,3.2,17.03
"Fulton, AR",5049,3.4,19.79
"Garland, AR",5051,0,16.06
"Grant, AR",5053,2,11.09
"Greene, AR",5055,1,15.45
"Hempstead, AR",5057,8.6,20.96
"Hot Spring, AR",5059,3.3,15.35
"Howard, AR",5061,4.1,17.57
"Independence, AR",5063,6.6,15.61
"Izard, AR",5065,5.9,19.8
"Jackson, AR",5067,8.1,23.51
"Jefferson, AR",5069,5.8,21.7
"Johnson, AR",5071,3.4,17.73
"Lafayette, AR",5073,3.3,23.59
"Lawrence, AR",5075,5.5,20.46
"Lee, AR",5077,12.6,34.4
"Lincoln, AR",5079,7.4,26.82
"Little River, AR",5081,-0.8,16.84
"Logan, AR",5083,5,17.36
"Lonoke, AR",5085,2.8,11.28
"Madison, AR",5087,2,17.5
"Marion, AR",5089,3.2,18.15
"Miller, AR",5091,1,18.61
"Mississippi, AR",5093,3.4,23.56
"Monroe, AR",5095,3.1,25.4
"Montgomery, AR",5097,3.3,18.4
"Nevada, AR",5099,3,20.39
"Newton, AR",5101,4.1,22.02
"Ouachita, AR",5103,3.9,19.94
"Perry, AR",5105,4.4,15.9
"Phillips, AR",5107,6.4,32
"Pike, AR",5109,2.8,16.95
"Poinsett, AR",5111,7.2,22.39
"Polk, AR",5113,3.5,19.76
"Pope, AR",5115,3.6,16.33
"Prairie, AR",5117,3.6,16.76
"Pulaski, AR",5119,4.3,14.66
"Randolph, AR",5121,2.9,18.35
"St. Francis, AR",5123,6.1,28.66
"Saline, AR",5125,0.1,9.4
"Scott, AR",5127,5.1,20.64
"Searcy, AR",5129,3.3,24.13
"Sebastian, AR",5131,4.2,15.52
"Sevier, AR",5133,5.4,19.47
"Sharp, AR",5135,2,20.78
"Stone, AR",5137,4.4,20.51
"Union, AR",5139,7.2,18.66
"Van Buren, AR",5141,1.2,17.95
"Washington, AR",5143,6,14.7
"White, AR",5145,1.6,15.88
"Woodruff, AR",5147,4.1,25.76
"Yell, AR",5149,3.1,16.79
CALIFORNIA,6000,1.5,13.22
"Alameda, CA",6001,2,10.42
"Alpine, CA",6003,-0.4,15.72
"Amador, CA",6005,1.4,9.76
"Butte, CA",6007,1.3,17.35
"Calaveras, CA",6009,0.5,10.41
"Colusa, CA",6011,-1.7,13.54
"Contra Costa, CA",6013,2.8,7.88
"Del Norte, CA",6015,1.3,21.56
"El Dorado, CA",6017,0.3,7.47
"Fresno, CA",6019,0.9,20.8
"Glenn, CA",6021,-2,16.37
"Humboldt, CA",6023,3.1,16.84
"Imperial, CA",6025,-1.9,21.51
"Inyo, CA",6027,0.6,11.23
"Kern, CA",6029,3.6,19.36
"Kings, CA",6031,-1,19.32
"Lake, CA",6033,6.3,17
"Lassen, CA",6035,0.7,17.11
"Los Angeles, CA",6037,0.1,16.14
"Madera, CA",6039,-0.3,19.45
"Marin, CA",6041,1.4,6.93
"Mariposa, CA",6043,0.5,12.53
"Mendocino, CA",6045,2.8,15.76
"Merced, CA",6047,4.3,19.83
"Modoc, CA",6049,-0.7,18.2
"Mono, CA",6051,2.7,9.27
"Monterey, CA",6053,4.3,13.37
"Napa, CA",6055,1.5,8.11
"Nevada, CA",6057,2.1,8.34
"Orange, CA",6059,1.4,9.83
"Placer, CA",6061,1.6,5.93
"Plumas, CA",6063,1.2,10.98
"Riverside, CA",6065,1.4,12.42
"Sacramento, CA",6067,2.4,13.15
"San Benito, CA",6069,5,10.03
"San Bernardino, CA",6071,2,14.99
"San Diego, CA",6073,1.6,11.41
"San Francisco, CA",6075,2.5,11.11
"San Joaquin, CA",6077,0.6,14.79
"San Luis Obispo, CA",6079,2.5,11.72
"San Mateo, CA",6081,2.5,6.4
"Santa Barbara, CA",6083,2.6,13.11
"Santa Clara, CA",6085,2.4,8.09
"Santa Cruz, CA",6087,3.3,11.53
"Shasta, CA",6089,0.8,14.58
"Sierra, CA",6091,2.5,10.82
"Siskiyou, CA",6093,-0.6,16.44
"Solano, CA",6095,2.3,9.04
"Sonoma, CA",6097,2.4,8.64
"Stanislaus, CA",6099,2.4,14.41
"Sutter, CA",6101,0.7,13.37
"Tehama, CA",6103,1.7,16.99
"Trinity, CA",6105,1.4,16.62
"Tulare, CA",6107,-0.2,22.38
"Tuolumne, CA",6109,1.5,12.29
"Ventura, CA",6111,1.6,9.27
"Yolo, CA",6113,3.7,13.52
"Yuba, CA",6115,0.2,17.95
COLORADO,8000,3.7,10.51
"Adams, CO",8001,4.4,11.08
"Alamosa, CO",8003,1.9,20.61
"Arapahoe, CO",8005,6.5,8.74
"Archuleta, CO",8007,-0.3,11.74
"Baca, CO",8009,0.8,17.71
"Bent, CO",8011,14.1,24.91
"Boulder, CO",8013,5.1,10.05
"Broomfield, CO",8014,4.9,4.12
"Chaffee, CO",8015,0.5,12.03
"Cheyenne, CO",8017,0.8,12.4
"Clear Creek, CO",8019,2.1,6.92
"Conejos, CO",8021,0.6,22.03
"Costilla, CO",8023,-1.1,25.86
"Crowley, CO",8025,18.9,37.35
"Custer, CO",8027,0.3,12.23
"Delta, CO",8029,-0.3,13.46
"Denver, CO",8031,5.7,16.01
"Dolores, CO",8033,-2.8,13.12
"Douglas, CO",8035,1.6,2.62
"Eagle, CO",8037,2,6.69
"Elbert, CO",8039,0.3,5.3
"El Paso, CO",8041,2.8,9.9
"Fremont, CO",8043,2.9,15.87
"Garfield, CO",8045,0.8,8.02
"Gilpin, CO",8047,1.8,5.98
"Grand, CO",8049,1.2,7.54
"Gunnison, CO",8051,2,12.32
"Hinsdale, CO",8053,0.6,9.67
"Huerfano, CO",8055,5,22.63
"Jackson, CO",8057,0.5,14.13
"Jefferson, CO",8059,3,6.83
"Kiowa, CO",8061,2,12.55
"Kit Carson, CO",8063,2.2,14
"Lake, CO",8065,2.8,12.56
"La Plata, CO",8067,0.9,10.91
"Larimer, CO",8069,7.2,10.45
"Las Animas, CO",8071,0.1,16.93
"Lincoln, CO",8073,1.4,16.55
"Logan, CO",8075,4.2,13.51
"Mesa, CO",8077,0.8,11.44
"Mineral, CO",8079,-1.9,10.21
"Moffat, CO",8081,0.2,9.85
"Montezuma, CO",8083,0.7,15.93
"Montrose, CO",8085,0.2,12.49
"Morgan, CO",8087,1.5,12.96
"Otero, CO",8089,4.5,20.14
"Ouray, CO",8091,0.5,7.89
"Park, CO",8093,2.9,7.52
"Phillips, CO",8095,0.8,11.28
"Pitkin, CO",8097,2.1,5.12
"Prowers, CO",8099,4.6,19.47
"Pueblo, CO",8101,2.3,16.13
"Rio Blanco, CO",8103,-2.4,9.21
"Rio Grande, CO",8105,-1.5,17.11
"Routt, CO",8107,0.2,6.27
"Saguache, CO",8109,8.4,27.41
"San Juan, CO",8111,-4.1,15.15
"San Miguel, CO",8113,2.4,8.9
"Sedgwick, CO",8115,2.6,12.52
"Summit, CO",8117,2.6,6.75
"Teller, CO",8119,2,7.28
"Washington, CO",8121,0.2,11.96
"Weld, CO",8123,4.8,11.43
"Yuma, CO",8125,0.1,12.77
CONNECTICUT,9000,2,8.22
"Fairfield, CT",9001,2,7.24
"Hartford, CT",9003,1.7,9.4
"Litchfield, CT",9005,1.7,5.48
"Middlesex, CT",9007,1,5.32
"New Haven, CT",9009,3.1,10.03
"New London, CT",9011,1.5,6.81
"Tolland, CT",9013,2.1,5.69
"Windham, CT",9015,1.6,9.01
DELAWARE,10000,2.5,9.78
"Kent, DE",10001,2.8,11.45
"New Castle, DE",10003,2.7,8.94
"Sussex, DE",10005,1.3,10.95
DISTRICT OF COLUMBIA,11000,1.3,17.48
District of Columbia,11001,1.3,17.48
FLORIDA,12000,3.3,12.78
"Alachua, FL",12001,8.3,18.49
"Baker, FL",12003,3.6,14.31
"Bay, FL",12005,1.7,12.85
"Bradford, FL",12007,6,17.44
"Brevard, FL",12009,2.4,9.9
"Broward, FL",12011,3.2,11.54
"Calhoun, FL",12013,-0.3,20.49
"Charlotte, FL",12015,3.2,9.65
"Citrus, FL",12017,3.5,13.14
"Clay, FL",12019,2.3,7.58
"Collier, FL",12021,3.7,9.87
"Columbia, FL",12023,2.9,16.85
"DeSoto, FL",12027,6.2,21.84
"Dixie, FL",12029,2.5,21.52
"Duval, FL",12031,4.8,12.35
"Escambia, FL",12033,4.1,15.76
"Flagler, FL",12035,2.5,9.22
"Franklin, FL",12037,6.8,17.89
"Gadsden, FL",12039,7.3,20.54
"Gilchrist, FL",12041,1.6,15.92
"Glades, FL",12043,6,16.39
"Gulf, FL",12045,4.4,18.56
"Hamilton, FL",12047,4.3,25.48
"Hardee, FL",12049,6.2,23.12
"Hendry, FL",12051,3.1,20.43
"Hernando, FL",12053,2.2,11.63
"Highlands, FL",12055,5.7,15.61
"Hillsborough, FL",12057,3.6,12.75
"Holmes, FL",12059,3.4,20.63
"Indian River, FL",12061,4.4,10.7
"Jackson, FL",12063,4.9,18.82
"Jefferson, FL",12065,1.4,17.51
"Lafayette, FL",12067,4,22.3
"Lake, FL",12069,2.2,10.54
"Lee, FL",12071,3.4,10.11
"Leon, FL",12073,10.2,15.8
"Levy, FL",12075,4.3,17.91
"Liberty, FL",12077,2.4,19.98
"Madison, FL",12079,6.5,21.15
"Manatee, FL",12081,5,10.99
"Marion, FL",12083,2.3,14.02
"Martin, FL",12085,4.8,9.5
"Miami-Dade, FL",12086,0.3,17.46
"Monroe, FL",12087,3,10.46
"Nassau, FL",12089,3.1,9.06
"Okaloosa, FL",12091,3.1,9.75
"Okeechobee, FL",12093,5.6,17.35
"Orange, FL",12095,3.4,12.53
"Osceola, FL",12097,4,12.85
"Palm Beach, FL",12099,4.9,10.95
"Pasco, FL",12101,2.4,11.71
"Pinellas, FL",12103,3.5,11.41
"Polk, FL",12105,3.6,14.01
"Putnam, FL",12107,6.5,20.6
"St. Johns, FL",12109,1.4,7.66
"St. Lucie, FL",12111,3.1,12.68
"Santa Rosa, FL",12113,1.5,10.21
"Sarasota, FL",12115,5.4,8.89
"Seminole, FL",12117,3,8.78
"Sumter, FL",12119,0.7,14.01
"Suwannee, FL",12121,3.4,17.54
"Taylor, FL",12123,6,19
"Union, FL",12125,6.6,21.01
"Volusia, FL",12127,4.1,12.55
"Wakulla, FL",12129,1.9,12.12
"Walton, FL",12131,0.9,13.94
"Washington, FL",12133,2.7,18.91
GEORGIA,13000,4.3,13.99
"Appling, GA",13001,6.4,18.75
"Atkinson, GA",13003,4.2,22.42
"Bacon, GA",13005,4.1,19.53
"Baker, GA",13007,5.7,24.41
"Baldwin, GA",13009,4.2,19.47
"Banks, GA",13011,4,13.48
"Barrow, GA",13013,2.7,10.65
"Bartow, GA",13015,5.4,11.61
"Ben Hill, GA",13017,6.9,21.98
"Berrien, GA",13019,5.7,18.69
"Bibb, GA",13021,4.6,20.43
"Bleckley, GA",13023,4.9,16.75
"Brantley, GA",13025,3.5,17.06
"Brooks, GA",13027,-0.1,22.78
"Bryan, GA",13029,2.3,10.1
"Bulloch, GA",13031,7.5,21.62
"Burke, GA",13033,5.9,23.62
"Butts, GA",13035,3.2,13.58
"Calhoun, GA",13037,6.4,29.38
"Camden, GA",13039,5.4,11.38
"Candler, GA",13043,3,22.98
"Carroll, GA",13045,5.2,14.51
"Catoosa, GA",13047,3.5,10.98
"Charlton, GA",13049,6.6,21.69
"Chatham, GA",13051,1.5,16.25
"Chattahoochee, GA",13053,14.1,19.29
"Chattooga, GA",13055,5.6,16.76
"Cherokee, GA",13057,2.9,6.42
"Clarke, GA",13059,18.8,24.95
"Clay, GA",13061,2.9,28.96
"Clayton, GA",13063,4.5,14
"Clinch, GA",13065,3.4,23.19
"Cobb, GA",13067,4.3,9.2
"Coffee, GA",13069,6.1,21.48
"Colquitt, GA",13071,2.6,21.63
"Columbia, GA",13073,0.4,6.57
"Cook, GA",13075,3.2,20
"Coweta, GA",13077,2,9.32
"Crawford, GA",13079,5.5,16.33
"Crisp, GA",13081,8,26.55
"Dade, GA",13083,6.5,13.41
"Dawson, GA",13085,2.4,9.84
"Decatur, GA",13087,4.1,22.67
"DeKalb, GA",13089,6,14.03
"Dodge, GA",13091,4.6,20.66
"Dooly, GA",13093,7.5,24.05
"Dougherty, GA",13095,7,23.72
"Douglas, GA",13097,4,10.04
"Early, GA",13099,11.6,26.41
"Echols, GA",13101,6.5,23.55
"Effingham, GA",13103,1.6,9.77
"Elbert, GA",13105,5.5,17.73
"Emanuel, GA",13107,3.4,24.7
"Evans, GA",13109,5.4,23.17
"Fannin, GA",13111,4.8,14.69
"Fayette, GA",13113,1.7,4.72
"Floyd, GA",13115,6.5,16.4
"Forsyth, GA",13117,2.2,5.26
"Franklin, GA",13119,6.1,15.69
"Fulton, GA",13121,3.8,15.3
"Gilmer, GA",13123,7.3,15.01
"Glascock, GA",13125,4.4,15.31
"Glynn, GA",13127,2.8,15.23
"Gordon, GA",13129,6.6,12.98
"Grady, GA",13131,4.8,20.77
"Greene, GA",13133,2.6,19.11
"Gwinnett, GA",13135,8.1,8.43
"Habersham, GA",13137,6.5,12.89
"Hall, GA",13139,4.6,12.23
"Hancock, GA",13141,5.5,27.63
"Haralson, GA",13143,4.5,16.18
"Harris, GA",13145,-0.1,8.95
"Hart, GA",13147,6.6,16.07
"Heard, GA",13149,5.6,16.09
"Henry, GA",13151,2.3,6.85
"Houston, GA",13153,3.6,11.48
"Irwin, GA",13155,5.2,21.35
"Jackson, GA",13157,2.4,12.63
"Jasper, GA",13159,1.7,14.56
"Jeff Davis, GA",13161,6.3,19.31
"Jefferson, GA",13163,6.3,22.24
"Jenkins, GA",13165,5.5,24.72
"Johnson, GA",13167,8.2,26.36
"Jones, GA",13169,3.5,11.24
"Lamar, GA",13171,3.9,15.56
"Lanier, GA",13173,1.7,20.43
"Laurens, GA",13175,5.4,19.64
"Lee, GA",13177,0.6,9.44
"Liberty, GA",13179,2,16.34
"Lincoln, GA",13181,4.7,17.3
"Long, GA",13183,3.5,20.86
"Lowndes, GA",13185,6.8,19.04
"Lumpkin, GA",13187,4,13.69
"McDuffie, GA",13189,3.4,18.53
"McIntosh, GA",13191,1.8,18.96
"Macon, GA",13193,3.2,26.16
"Madison, GA",13195,5.9,14.01
"Marion, GA",13197,5.3,21.99
"Meriwether, GA",13199,3.3,18.7
"Miller, GA",13201,4.2,21.13
"Mitchell, GA",13205,3.1,24.41
"Monroe, GA",13207,1.1,11.99
"Montgomery, GA",13209,4.9,21.24
"Morgan, GA",13211,3.5,12.74
"Murray, GA",13213,9.3,14.09
"Muscogee, GA",13215,1.4,17.44
"Newton, GA",13217,2.4,11.36
"Oconee, GA",13219,1.9,6.99
"Oglethorpe, GA",13221,3.8,13.53
"Paulding, GA",13223,1.4,6.8
"Peach, GA",13225,3.7,20.18
"Pickens, GA",13227,2.1,10.86
"Pierce, GA",13229,2.6,18.02
"Pike, GA",13231,1.9,10.62
"Polk, GA",13233,8.7,16.12
"Pulaski, GA",13235,5.5,18.93
"Putnam, GA",13237,3.3,14.82
"Quitman, GA",13239,3.6,22.99
"Rabun, GA",13241,5.5,13.74
"Randolph, GA",13243,-0.2,26.02
"Richmond, GA",13245,3.9,20.71
"Rockdale, GA",13247,4.7,11.01
"Schley, GA",13249,0.3,17.13
"Screven, GA",13251,5.1,20.01
"Seminole, GA",13253,5.2,22.64
"Spalding, GA",13255,5.8,17.47
"Stephens, GA",13257,6.5,16.84
"Stewart, GA",13259,3.8,25.11
"Sumter, GA",13261,9.5,23.94
"Talbot, GA",13263,6.6,20.47
"Taliaferro, GA",13265,9.5,25.58
"Tattnall, GA",13267,3.5,24.71
"Taylor, GA",13269,4.4,23.73
"Telfair, GA",13271,9.2,27.6
"Terrell, GA",13273,6.8,26.82
"Thomas, GA",13275,7,18.9
"Tift, GA",13277,9,21.15
"Toombs, GA",13279,7.1,23.41
"Towns, GA",13281,4.3,13.06
"Treutlen, GA",13283,6.9,26.29
"Troup, GA",13285,7.4,16.4
"Turner, GA",13287,4.1,25.18
"Twiggs, GA",13289,4.9,19.03
"Union, GA",13291,4.7,13.83
"Upson, GA",13293,4.5,17.74
"Walker, GA",13295,5.3,14.55
"Walton, GA",13297,2.2,11.22
"Ware, GA",13299,5,20.81
"Warren, GA",13301,7.1,22.66
"Washington, GA",13303,4.5,21.67
"Wayne, GA",13305,4.9,19.33
"Webster, GA",13307,1.7,18.8
"Wheeler, GA",13309,13.6,30.44
"White, GA",13311,6,13.23
"Whitfield, GA",13313,12.8,13.75
"Wilcox, GA",13315,7.1,26.52
"Wilkes, GA",13317,7.3,18.86
"Wilkinson, GA",13319,5.5,17.96
"Worth, GA",13321,3,18.73
HAWAII,15000,0.5,9.86
"Hawaii, HI",15001,0.7,13.45
"Honolulu, HI",15003,0.4,9.26
"Kalawao, HI",15005,0,0
"Kauai, HI",15007,0.1,10.21
"Maui, HI",15009,0.8,9.28
IDAHO,16000,3.2,12.29
"Ada, ID",16001,4.5,8.84
"Adams, ID",16003,0.3,13.9
"Bannock, ID",16005,1.6,14.19
"Bear Lake, ID",16007,1,11.9
"Benewah, ID",16009,2.5,14.34
"Bingham, ID",16011,2.7,13.52
"Blaine, ID",16013,1.8,6.88
"Boise, ID",16015,2,11.37
"Bonner, ID",16017,2.1,14.2
"Bonneville, ID",16019,1.4,11.26
"Boundary, ID",16021,0.5,15.14
"Butte, ID",16023,-0.8,14.95
"Camas, ID",16025,3.2,8.18
"Canyon, ID",16027,5.5,14.32
"Caribou, ID",16029,1.2,10.47
"Cassia, ID",16031,1.7,15.41
"Clark, ID",16033,1.5,16.17
"Clearwater, ID",16035,2.2,14.78
"Custer, ID",16037,1.5,12.69
"Elmore, ID",16039,2.3,12.65
"Franklin, ID",16041,0.2,10.1
"Fremont, ID",16043,0.7,14.02
"Gem, ID",16045,2.4,13.05
"Gooding, ID",16047,3.5,13.52
"Idaho, ID",16049,6.1,16.47
"Jefferson, ID",16051,-0.4,11.09
"Jerome, ID",16053,2.3,13.48
"Kootenai, ID",16055,3.2,11.07
"Latah, ID",16057,4.8,16
"Lemhi, ID",16059,4,14.94
"Lewis, ID",16061,1.5,13.38
"Lincoln, ID",16063,0.9,11.85
"Madison, ID",16065,13.5,21.27
"Minidoka, ID",16067,0.9,14.33
"Nez Perce, ID",16069,2.3,12.53
"Oneida, ID",16071,1.6,11.53
"Owyhee, ID",16073,0.3,17.5
"Payette, ID",16075,1.9,13.92
"Power, ID",16077,2,15.26
"Shoshone, ID",16079,-2,17.34
"Teton, ID",16081,1,9.43
"Twin Falls, ID",16083,0.3,13.24
"Valley, ID",16085,0.4,9.87
"Washington, ID",16087,1.4,15.5
ILLINOIS,17000,3.3,11.64
"Adams, IL",17001,4.5,11.94
"Alexander, IL",17003,4.2,26.68
"Bond, IL",17005,2.7,12.31
"Boone, IL",17007,2.4,7.89
"Brown, IL",17009,1.7,14.07
"Bureau, IL",17011,4.7,9.58
"Calhoun, IL",17013,1.5,10.03
"Carroll, IL",17015,3.6,10.73
"Cass, IL",17017,2,11.44
"Champaign, IL",17019,8.2,15.61
"Christian, IL",17021,4.3,11.9
"Clark, IL",17023,2.8,11.39
"Clay, IL",17025,2.7,13.12
"Clinton, IL",17027,1.2,7.84
"Coles, IL",17029,5.7,16.24
"Cook, IL",17031,3.7,14.49
"Crawford, IL",17033,3.7,13.14
"Cumberland, IL",17035,0.7,10.95
"DeKalb, IL",17037,8.9,11.28
"De Witt, IL",17039,1.6,10.02
"Douglas, IL",17041,0.8,8.46
"DuPage, IL",17043,2.9,5.26
"Edgar, IL",17045,4.1,12.84
"Edwards, IL",17047,1.4,10.47
"Effingham, IL",17049,1.7,9.33
"Fayette, IL",17051,6.8,15.09
"Ford, IL",17053,1.9,8.75
"Franklin, IL",17055,3.3,16.66
"Fulton, IL",17057,2.8,12.51
"Gallatin, IL",17059,1.7,17.64
"Greene, IL",17061,1.9,13.44
"Grundy, IL",17063,1.5,5.8
"Hamilton, IL",17065,0.7,13.32
"Hancock, IL",17067,1.8,10.47
"Hardin, IL",17069,5,18.04
"Henderson, IL",17071,2.4,11
"Henry, IL",17073,1.9,9
"Iroquois, IL",17075,2.9,10.34
"Jackson, IL",17077,8.7,23.31
"Jasper, IL",17079,0.5,10.65
"Jefferson, IL",17081,4.7,15.34
"Jersey, IL",17083,0.9,9.11
"Jo Daviess, IL",17085,2.9,8.44
"Johnson, IL",17087,1.9,15.08
"Kane, IL",17089,3.5,7.77
"Kankakee, IL",17091,3.7,12.63
"Kendall, IL",17093,0.8,3.73
"Knox, IL",17095,1.3,14.05
"Lake, IL",17097,2,6.63
"LaSalle, IL",17099,3.6,10.4
"Lawrence, IL",17101,5.5,14.58
"Lee, IL",17103,2.2,9.36
"Livingston, IL",17105,2.2,10.17
"Logan, IL",17107,3.3,11.39
"McDonough, IL",17109,6.7,19.28
"McHenry, IL",17111,3.2,4.7
"McLean, IL",17113,6.3,10.6
"Macon, IL",17115,2.4,14.23
"Macoupin, IL",17117,2.1,10.96
"Madison, IL",17119,3.3,11.12
"Marion, IL",17121,5.8,15.23
"Marshall, IL",17123,2.8,8.36
"Mason, IL",17125,1.6,12.01
"Massac, IL",17127,2.8,14.4
"Menard, IL",17129,0.6,8.73
"Mercer, IL",17131,1.1,8.61
"Monroe, IL",17133,1,4.21
"Montgomery, IL",17135,1.7,13.78
"Morgan, IL",17137,3,12.91
"Moultrie, IL",17139,2.7,9.1
"Ogle, IL",17141,3.9,8.2
"Peoria, IL",17143,4.4,13.58
"Perry, IL",17145,4.5,14.68
"Piatt, IL",17147,0.7,6.38
"Pike, IL",17149,3.6,14.05
"Pope, IL",17151,3.3,16.72
"Pulaski, IL",17153,3,23.52
"Putnam, IL",17155,1.9,7.01
"Randolph, IL",17157,2.3,12.27
"Richland, IL",17159,2.4,13.52
"Rock Island, IL",17161,0.8,11.9
"St. Clair, IL",17163,3.8,14.3
"Saline, IL",17165,0.1,17.71
"Sangamon, IL",17167,3.6,10.99
"Schuyler, IL",17169,3.5,10.87
"Scott, IL",17171,0.1,10.36
"Shelby, IL",17173,1.5,10.18
"Stark, IL",17175,2.9,9.87
"Stephenson, IL",17177,3.6,11.42
"Tazewell, IL",17179,1.3,7.98
"Union, IL",17181,5.6,16.07
"Vermilion, IL",17183,8.6,15.98
"Wabash, IL",17185,1,12.46
"Warren, IL",17187,2.6,12.21
"Washington, IL",17189,2.7,7.85
"Wayne, IL",17191,2.7,13.25
"White, IL",17193,2.6,13.74
"Whiteside, IL",17195,3.5,10.13
"Will, IL",17197,1.7,6.11
"Williamson, IL",17199,4.7,14.98
"Winnebago, IL",17201,7.7,12.87
"Woodford, IL",17203,1.6,5.92
INDIANA,18000,5.6,11.28
"Adams, IN",18001,6.8,11.52
"Allen, IN",18003,6.4,10.8
"Bartholomew, IN",18005,2.5,9.07
"Benton, IN",18007,2.7,8.7
"Blackford, IN",18009,4.6,11.37
"Boone, IN",18011,2.6,6.01
"Brown, IN",18013,4.6,9.55
"Carroll, IN",18015,3.1,8.09
"Cass, IN",18017,5.3,10.55
"Clark, IN",18019,3.7,10.08
"Clay, IN",18021,4.7,10.96
"Clinton, IN",18023,4.2,10.61
"Crawford, IN",18025,5.1,15.53
"Daviess, IN",18027,3.2,13.86
"Dearborn, IN",18029,2.6,7.28
"Decatur, IN",18031,3.9,9.92
"DeKalb, IN",18033,3.9,7.88
"Delaware, IN",18035,8.8,15.94
"Dubois, IN",18037,2.7,6.31
"Elkhart, IN",18039,6.1,10.61
"Fayette, IN",18041,8.2,12.56
"Floyd, IN",18043,4.3,9.9
"Fountain, IN",18045,4.7,10.43
"Franklin, IN",18047,3.6,8.79
"Fulton, IN",18049,3.2,10.44
"Gibson, IN",18051,3.4,9.33
"Grant, IN",18053,6.4,14.9
"Greene, IN",18055,6.6,12.9
"Hamilton, IN",18057,2.5,3.88
"Hancock, IN",18059,2.1,5.17
"Harrison, IN",18061,2.6,8.63
"Hendricks, IN",18063,1.2,4.74
"Henry, IN",18065,6.4,10.58
"Howard, IN",18067,6.3,12.01
"Huntington, IN",18069,3.9,8.54
"Jackson, IN",18071,5.5,9.99
"Jasper, IN",18073,2.7,8.05
"Jay, IN",18075,6.2,11.85
"Jefferson, IN",18077,3.6,11.83
"Jennings, IN",18079,7.2,11.03
"Johnson, IN",18081,4,7.05
"Knox, IN",18083,3.9,15.85
"Kosciusko, IN",18085,4.5,8.21
"LaGrange, IN",18087,5.2,9.27
"Lake, IN",18089,5.3,14.32
"LaPorte, IN",18091,5,11.55
"Lawrence, IN",18093,6.6,11.66
"Madison, IN",18095,5.4,12.07
"Marion, IN",18097,9.4,14.21
"Marshall, IN",18099,6.1,8.97
"Martin, IN",18101,3.3,11.35
"Miami, IN",18103,7.9,11.87
"Monroe, IN",18105,10.8,17.64
"Montgomery, IN",18107,5.2,10.26
"Morgan, IN",18109,3.1,8.57
"Newton, IN",18111,3,9.01
"Noble, IN",18113,7.1,9.22
"Ohio, IN",18115,3.5,8.13
"Orange, IN",18117,4.9,14.24
"Owen, IN",18119,3.8,11.84
"Parke, IN",18121,4.3,13.86
"Perry, IN",18123,3.2,10.84
"Pike, IN",18125,3.2,9.98
"Porter, IN",18127,1.9,7.55
"Posey, IN",18129,1.5,8.08
"Pulaski, IN",18131,3.6,10.98
"Putnam, IN",18133,4.6,10.24
"Randolph, IN",18135,7.2,12.35
"Ripley, IN",18137,4.5,9.12
"Rush, IN",18139,5.5,9.85
"St. Joseph, IN",18141,6.4,12.75
"Scott, IN",18143,5,13.9
"Shelby, IN",18145,5.2,9.38
"Spencer, IN",18147,2.9,8.36
"Starke, IN",18149,2.4,13.14
"Steuben, IN",18151,6.5,9.42
"Sullivan, IN",18153,4.4,13.78
"Switzerland, IN",18155,5.8,13.36
"Tippecanoe, IN",18157,10.9,15.04
"Tipton, IN",18159,3.2,7.27
"Union, IN",18161,4.8,10.6
"Vanderburgh, IN",18163,4.6,13.12
"Vermillion, IN",18165,6.3,10.89
"Vigo, IN",18167,7.8,16.57
"Wabash, IN",18169,6.2,9.91
"Warren, IN",18171,1.5,7.97
"Warrick, IN",18173,2.3,6.41
"Washington, IN",18175,5.6,12.56
"Wayne, IN",18177,9.1,13.91
"Wells, IN",18179,3.4,7.47
"White, IN",18181,3.3,9.22
"Whitley, IN",18183,2.7,6.7
IOWA,19000,3.5,10.12
"Adair, IA",19001,2.3,9.6
"Adams, IA",19003,1.5,11.08
"Allamakee, IA",19005,4.9,10.76
"Appanoose, IA",19007,5.1,15.98
"Audubon, IA",19009,0.7,9.74
"Benton, IA",19011,1.9,7.06
"Black Hawk, IA",19013,7.2,13.42
"Boone, IA",19015,1.4,8.4
"Bremer, IA",19017,1.8,6.73
"Buchanan, IA",19019,2,9.71
"Buena Vista, IA",19021,5.7,10.88
"Butler, IA",19023,2.9,8.71
"Calhoun, IA",19025,1.3,10.83
"Carroll, IA",19027,2.4,8.29
"Cass, IA",19029,2.9,11.77
"Cedar, IA",19031,2.1,6.65
"Cerro Gordo, IA",19033,2.4,10.09
"Cherokee, IA",19035,2,8.51
"Chickasaw, IA",19037,1.4,8.62
"Clarke, IA",19039,2.2,10.71
"Clay, IA",19041,1.6,8.96
"Clayton, IA",19043,2.9,9.88
"Clinton, IA",19045,2.3,11.05
"Crawford, IA",19047,2.2,11.08
"Dallas, IA",19049,0.9,5.54
"Davis, IA",19051,2.2,13.07
"Decatur, IA",19053,5.9,17.93
"Delaware, IA",19055,1.5,8.9
"Des Moines, IA",19057,2.7,12.3
"Dickinson, IA",19059,1.7,7.38
"Dubuque, IA",19061,2.1,8.9
"Emmet, IA",19063,2,10.1
"Fayette, IA",19065,2.7,12.04
"Floyd, IA",19067,2.8,10.98
"Franklin, IA",19069,2.5,9.21
"Fremont, IA",19071,0.6,10.32
"Greene, IA",19073,1.6,10.22
"Grundy, IA",19075,1,5.76
"Guthrie, IA",19077,0.3,8.92
"Hamilton, IA",19079,2,8.16
"Hancock, IA",19081,2.8,7.65
"Hardin, IA",19083,1.5,9.79
"Harrison, IA",19085,2.5,9.59
"Henry, IA",19087,7.3,10.67
"Howard, IA",19089,2.8,10.29
"Humboldt, IA",19091,2.1,9.21
"Ida, IA",19093,2.8,9.59
"Iowa, IA",19095,2,6.49
"Jackson, IA",19097,1.2,11.05
"Jasper, IA",19099,3.7,8.37
"Jefferson, IA",19101,3.9,13.04
"Johnson, IA",19103,7.8,13.13
"Jones, IA",19105,1.1,9.67
"Keokuk, IA",19107,1.5,11.32
"Kossuth, IA",19109,1.1,9.54
"Lee, IA",19111,4.2,12.6
"Linn, IA",19113,3.4,8.45
"Louisa, IA",19115,2.5,10.03
"Lucas, IA",19117,4.9,13.48
"Lyon, IA",19119,0.5,7.55
"Madison, IA",19121,2,7.33
"Mahaska, IA",19123,3.6,11.22
"Marion, IA",19125,2.4,8.28
"Marshall, IA",19127,3,11.4
"Mills, IA",19129,1.5,9.03
"Mitchell, IA",19131,0.6,9.11
"Monona, IA",19133,1.6,11.8
"Monroe, IA",19135,2.4,11.48
"Montgomery, IA",19137,4.4,11.69
"Muscatine, IA",19139,3.3,10.48
"O'Brien, IA",19141,2,8.46
"Osceola, IA",19143,2.4,7.87
"Page, IA",19145,3.9,12.58
"Palo Alto, IA",19147,1.9,10.29
"Plymouth, IA",19149,0.9,6.76
"Pocahontas, IA",19151,1.5,10.2
"Polk, IA",19153,3.8,8.83
"Pottawattamie, IA",19155,4.4,10.75
"Poweshiek, IA",19157,4.6,10
"Ringgold, IA",19159,1.6,14.52
"Sac, IA",19161,1.9,10.57
"Scott, IA",19163,3,11.15
"Shelby, IA",19165,1.6,8.46
"Sioux, IA",19167,0.9,6.88
"Story, IA",19169,9.1,13.15
"Tama, IA",19171,2.1,9.59
"Taylor, IA",19173,2.2,12.38
"Union, IA",19175,4.1,12.41
"Van Buren, IA",19177,5.7,13.33
"Wapello, IA",19179,4.5,14.22
"Warren, IA",19181,1.8,6.3
"Washington, IA",19183,3.6,8.74
"Wayne, IA",19185,2.5,14.59
"Webster, IA",19187,4.6,12.4
"Winnebago, IA",19189,3.2,8.97
"Winneshiek, IA",19191,2.6,9.02
"Woodbury, IA",19193,5.3,12.59
"Worth, IA",19195,2.2,8.13
"Wright, IA",19197,2.5,9.52
KANSAS,20000,4.3,10.95
"Allen, KS",20001,3.5,14.68
"Anderson, KS",20003,1.9,12.81
"Atchison, KS",20005,3.7,12.94
"Barber, KS",20007,0.9,11.65
"Barton, KS",20009,3.1,12.98
"Bourbon, KS",20011,4.2,15.28
"Brown, KS",20013,3.6,13.8
"Butler, KS",20015,2.1,8.52
"Chase, KS",20017,3.7,11.67
"Chautauqua, KS",20019,0.9,14.8
"Cherokee, KS",20021,4.4,15.72
"Cheyenne, KS",20023,1.5,11.48
"Clark, KS",20025,2.7,11.59
"Clay, KS",20027,2,10.53
"Cloud, KS",20029,2.6,12.65
"Coffey, KS",20031,2.8,9.42
"Comanche, KS",20033,0.6,10.09
"Cowley, KS",20035,4.4,13.98
"Crawford, KS",20037,6.2,16.51
"Decatur, KS",20039,1.7,12.25
"Dickinson, KS",20041,1.8,9.16
"Doniphan, KS",20043,2.3,12.24
"Douglas, KS",20045,11.6,14.69
"Edwards, KS",20047,0.4,11.87
"Elk, KS",20049,2.8,16.91
"Ellis, KS",20051,3.2,10.93
"Ellsworth, KS",20053,3.2,9.98
"Finney, KS",20055,4.5,13.8
"Ford, KS",20057,3.1,13.06
"Franklin, KS",20059,2.3,9.97
"Geary, KS",20061,0.4,11.66
"Gove, KS",20063,1.8,10.45
"Graham, KS",20065,1.4,11.65
"Grant, KS",20067,0.7,10.22
"Gray, KS",20069,1.3,8.73
"Greeley, KS",20071,1.3,9.82
"Greenwood, KS",20073,4,14.09
"Hamilton, KS",20075,0.1,12.3
"Harper, KS",20077,2.9,12.6
"Harvey, KS",20079,3,8.77
"Haskell, KS",20081,1.1,10.76
"Hodgeman, KS",20083,1.7,9.74
"Jackson, KS",20085,2.4,9.8
"Jefferson, KS",20087,2.3,7.8
"Jewell, KS",20089,1.4,12.71
"Johnson, KS",20091,3.3,4.77
"Kearny, KS",20093,2,11.08
"Kingman, KS",20095,0.8,10.59
"Kiowa, KS",20097,1.9,11.91
"Labette, KS",20099,4.3,14.72
"Lane, KS",20101,0.2,9.39
"Leavenworth, KS",20103,2,8.4
"Lincoln, KS",20105,3.2,11.22
"Linn, KS",20107,1.3,12.2
"Logan, KS",20109,1.3,9.75
"Lyon, KS",20111,5.6,14.98
"McPherson, KS",20113,2.3,8.14
"Marion, KS",20115,1.5,10.02
"Marshall, KS",20117,2.1,10.18
"Meade, KS",20119,2.6,10.08
"Miami, KS",20121,1.9,7.82
"Mitchell, KS",20123,0.8,10.26
"Montgomery, KS",20125,5.2,14.47
"Morris, KS",20127,2.3,10.32
"Morton, KS",20129,0.8,10.55
"Nemaha, KS",20131,0.8,9.23
"Neosho, KS",20133,7.2,13.94
"Ness, KS",20135,2.2,9.19
"Norton, KS",20137,1.8,11.91
"Osage, KS",20139,2.6,10.08
"Osborne, KS",20141,2.9,12.37
"Ottawa, KS",20143,2.4,8.65
"Pawnee, KS",20145,4.3,11.79
"Phillips, KS",20147,2.1,11.17
"Pottawatomie, KS",20149,1.3,8.7
"Pratt, KS",20151,1.4,10.95
"Rawlins, KS",20153,3.2,12.23
"Reno, KS",20155,3.2,12.44
"Republic, KS",20157,1.3,11.23
"Rice, KS",20159,1.4,12.18
"Riley, KS",20161,14.4,17.28
"Rooks, KS",20163,1,11.79
"Rush, KS",20165,1.9,11.76
"Russell, KS",20167,2.6,12.99
"Saline, KS",20169,4.2,10.71
"Scott, KS",20171,1.6,7.76
"Sedgwick, KS",20173,4.5,11.96
"Seward, KS",20175,3.3,14.31
"Shawnee, KS",20177,7.8,11.72
"Sheridan, KS",20179,4,11.5
"Sherman, KS",20181,3.4,14.25
"Smith, KS",20183,3,11.44
"Stafford, KS",20185,3,13.3
"Stanton, KS",20187,1.8,11.46
"Stevens, KS",20189,2.3,10.58
"Sumner, KS",20191,2.4,10.79
"Thomas, KS",20193,2.4,10.77
"Trego, KS",20195,1.8,11.52
"Wabaunsee, KS",20197,1.6,7.99
"Wallace, KS",20199,2.4,13.34
"Washington, KS",20201,1.5,10.74
"Wichita, KS",20203,1,11.93
"Wilson, KS",20205,2.5,13.87
"Woodson, KS",20207,5.2,15.14
"Wyandotte, KS",20209,7.3,17.67
KENTUCKY,21000,4.5,16.14
"Adair, KY",21001,2.5,22.64
"Allen, KY",21003,4.6,16.37
"Anderson, KY",21005,3.4,9.04
"Ballard, KY",21007,1.8,14.32
"Barren, KY",21009,5.3,16.87
"Bath, KY",21011,6.3,21.51
"Bell, KY",21013,9.2,30.36
"Boone, KY",21015,2.4,6.72
"Bourbon, KY",21017,5.2,14.64
"Boyd, KY",21019,6.4,16.63
"Boyle, KY",21021,7.6,14.97
"Bracken, KY",21023,5.3,13.2
"Breathitt, KY",21025,3.7,30.51
"Breckinridge, KY",21027,5.3,17.21
"Bullitt, KY",21029,3.1,9.08
"Butler, KY",21031,4.2,17.47
"Caldwell, KY",21033,2.9,15.87
"Calloway, KY",21035,6.3,16.6
"Campbell, KY",21037,2.5,10.64
"Carlisle, KY",21039,3.1,14.12
"Carroll, KY",21041,4,14.46
"Carter, KY",21043,5.4,21.34
"Casey, KY",21045,5,23.78
"Christian, KY",21047,4.3,17.4
"Clark, KY",21049,3.1,13.43
"Clay, KY",21051,11.1,36.04
"Clinton, KY",21053,4.3,24.88
"Crittenden, KY",21055,2.9,17.6
"Cumberland, KY",21057,2.6,23.4
"Daviess, KY",21059,4,13.5
"Edmonson, KY",21061,4.2,18.16
"Elliott, KY",21063,7.7,27.14
"Estill, KY",21065,7.1,24.25
"Fayette, KY",21067,6.7,14.11
"Fleming, KY",21069,4.4,18.48
"Floyd, KY",21071,5.5,27.66
"Franklin, KY",21073,4.8,11.68
"Fulton, KY",21075,7.4,24.67
"Gallatin, KY",21077,5.2,16.59
"Garrard, KY",21079,3.7,14.91
"Grant, KY",21081,5.5,13.43
"Graves, KY",21083,6.5,16.71
"Grayson, KY",21085,4.9,18.8
"Green, KY",21087,5.5,19.07
"Greenup, KY",21089,2.4,15.38
"Hancock, KY",21091,3,11.98
"Hardin, KY",21093,4.6,11.96
"Harlan, KY",21095,5.8,30.06
"Harrison, KY",21097,8.3,14.12
"Hart, KY",21099,4.9,22.02
"Henderson, KY",21101,4.8,13.65
"Henry, KY",21103,4,14.25
"Hickman, KY",21105,2.8,16.79
"Hopkins, KY",21107,6,16.81
"Jackson, KY",21109,6.5,27.04
"Jefferson, KY",21111,5.3,13.55
"Jessamine, KY",21113,2.8,12.75
"Johnson, KY",21115,0.5,23.52
"Kenton, KY",21117,4.6,10.74
"Knott, KY",21119,-1.7,27.35
"Knox, KY",21121,11.2,31.46
"Larue, KY",21123,2.6,15.36
"Laurel, KY",21125,4.1,19.69
"Lawrence, KY",21127,6.3,26.08
"Lee, KY",21129,7.3,31.86
"Leslie, KY",21131,6,28.07
"Letcher, KY",21133,7.5,25.63
"Lewis, KY",21135,4.4,26.61
"Lincoln, KY",21137,7.2,19.56
"Livingston, KY",21139,2.5,12.98
"Logan, KY",21141,5,16.01
"Lyon, KY",21143,4.6,15.12
"McCracken, KY",21145,2.3,15.44
"McCreary, KY",21147,5.7,32.99
"McLean, KY",21149,3,15.22
"Madison, KY",21151,5.1,16.35
"Magoffin, KY",21153,3.1,30.76
"Marion, KY",21155,4.2,17.79
"Marshall, KY",21157,4.3,11.8
"Martin, KY",21159,16.5,33.32
"Mason, KY",21161,3.6,17.32
"Meade, KY",21163,3.4,11.54
"Menifee, KY",21165,4.3,25.31
"Mercer, KY",21167,2.8,13.26
"Metcalfe, KY",21169,3.3,22.16
"Monroe, KY",21171,6.3,23.07
"Montgomery, KY",21173,6.9,16.62
"Morgan, KY",21175,4.9,27.75
"Muhlenberg, KY",21177,3.9,18.52
"Nelson, KY",21179,5.2,12.03
"Nicholas, KY",21181,4.4,16.63
"Ohio, KY",21183,1.8,17.36
"Oldham, KY",21185,1.3,5.55
"Owen, KY",21187,1.9,16.15
"Owsley, KY",21189,4.5,39.01
"Pendleton, KY",21191,4.3,13.71
"Perry, KY",21193,3.3,26.54
"Pike, KY",21195,5.3,22.5
"Powell, KY",21197,10.3,23.52
"Pulaski, KY",21199,3,18.92
"Robertson, KY",21201,4.6,20.18
"Rockcastle, KY",21203,5.1,23.39
"Rowan, KY",21205,7.2,22.61
"Russell, KY",21207,4.1,22.13
"Scott, KY",21209,3.8,10.44
"Shelby, KY",21211,3.6,10.65
"Simpson, KY",21213,4,13.39
"Spencer, KY",21215,1.3,8.69
"Taylor, KY",21217,6.7,18.25
"Todd, KY",21219,3.5,17.35
"Trigg, KY",21221,3.6,13.31
"Trimble, KY",21223,3.9,13.81
"Union, KY",21225,3.7,16.04
"Warren, KY",21227,3.9,15.84
"Washington, KY",21229,4,14.61
"Wayne, KY",21231,3.9,25.45
"Webster, KY",21233,3.5,14.85
"Whitley, KY",21235,9.5,26.55
"Wolfe, KY",21237,0.7,33.19
"Woodford, KY",21239,2.8,8.98
LOUISIANA,22000,0.3,18.46
"Acadia, LA",22001,0.7,20.83
"Allen, LA",22003,1.7,21.96
"Ascension, LA",22005,0.7,11.16
"Assumption, LA",22007,-0.6,19.27
"Avoyelles, LA",22009,1.3,24.9
"Beauregard, LA",22011,-0.9,15.32
"Bienville, LA",22013,1.1,22.83
"Bossier, LA",22015,2.4,13.46
"Caddo, LA",22017,-2,20.32
"Calcasieu, LA",22019,2.3,16.18
"Caldwell, LA",22021,2,20.57
"Cameron, LA",22023,1,12.86
"Catahoula, LA",22025,-0.3,25.56
"Claiborne, LA",22027,2,25.22
"Concordia, LA",22029,5.5,27.1
"De Soto, LA",22031,-1.1,20.41
"East Baton Rouge, LA",22033,2.7,17.57
"East Carroll, LA",22035,4.4,40.99
"East Feliciana, LA",22037,1.1,20.01
"Evangeline, LA",22039,-3.7,25.61
"Franklin, LA",22041,0,27.28
"Grant, LA",22043,0.2,18.58
"Iberia, LA",22045,0.2,20.21
"Iberville, LA",22047,-0.1,21.39
"Jackson, LA",22049,0.4,17.58
"Jefferson, LA",22051,0.2,14.77
"Jefferson Davis, LA",22053,-1.6,18.06
"Lafayette, LA",22055,-0.6,15.36
"Lafourche, LA",22057,1.5,15.59
"La Salle, LA",22059,-1.2,17.49
"Lincoln, LA",22061,5.6,23.63
"Livingston, LA",22063,0.6,12.16
"Madison, LA",22065,6.2,33.43
"Morehouse, LA",22067,2.4,25.8
"Natchitoches, LA",22069,4.9,25.97
"Orleans, LA",22071,-0.9,24.87
"Ouachita, LA",22073,2.4,20.51
"Plaquemines, LA",22075,-3.2,15.52
"Pointe Coupee, LA",22077,0.5,20.25
"Rapides, LA",22079,-3,19.11
"Red River, LA",22081,0,24.96
"Richland, LA",22083,-2.5,25.03
"Sabine, LA",22085,0.3,19.06
"St. Bernard, LA",22087,8.3,16.71
"St. Charles, LA",22089,0.4,12.29
"St. Helena, LA",22091,-1.8,21.57
"St. James, LA",22093,-1.2,16.57
"St. John the Baptist, LA",22095,0.1,16.17
"St. Landry, LA",22097,1.8,25.82
"St. Martin, LA",22099,-2.2,19.13
"St. Mary, LA",22101,-1.8,20.59
"St. Tammany, LA",22103,0.2,10.56
"Tangipahoa, LA",22105,-0.6,22.28
"Tensas, LA",22107,2.5,33.83
"Terrebonne, LA",22109,-0.2,16.92
"Union, LA",22111,4,18.72
"Vermilion, LA",22113,1.4,18.74
"Vernon, LA",22115,3.5,15.43
"Washington, LA",22117,3.6,24.86
"Webster, LA",22119,2.7,19.48
"West Baton Rouge, LA",22121,0.4,15.51
"West Carroll, LA",22123,-2.8,22.49
"West Feliciana, LA",22125,2.3,21.05
"Winn, LA",22127,4.3,24.23
MAINE,23000,2.7,11.57
"Androscoggin, ME",23001,4.6,12.68
"Aroostook, ME",23003,3,15.46
"Cumberland, ME",23005,2,8.97
"Franklin, ME",23007,3.6,14.61
"Hancock, ME",23009,2.1,10.63
"Kennebec, ME",23011,2.9,11.85
"Knox, ME",23013,3.7,11.48
"Lincoln, ME",23015,3,10.63
"Oxford, ME",23017,1.9,13.37
"Penobscot, ME",23019,3.9,13.48
"Piscataquis, ME",23021,2.8,15
"Sagadahoc, ME",23023,1.4,9.07
"Somerset, ME",23025,5.8,16.09
"Waldo, ME",23027,2.5,13.68
"Washington, ME",23029,3.8,18.43
"York, ME",23031,1.3,8.39
MARYLAND,24000,1.3,8.39
"Allegany, MD",24001,2.8,14.45
"Anne Arundel, MD",24003,1.6,5.56
"Baltimore, MD",24005,1.6,7.48
"Calvert, MD",24009,0.3,5.1
"Caroline, MD",24011,2.8,10.99
"Carroll, MD",24013,1.6,4.69
"Cecil, MD",24015,2.9,7.93
"Charles, MD",24017,0.3,6.2
"Dorchester, MD",24019,2,13.95
"Frederick, MD",24021,1,5.07
"Garrett, MD",24023,-0.7,12.9
"Harford, MD",24025,1,5.65
"Howard, MD",24027,0.7,4.24
"Kent, MD",24029,4.1,11.4
"Montgomery, MD",24031,1.6,5.59
"Prince George's, MD",24033,0.4,8.05
"Queen Anne's, MD",24035,1.3,6.22
"St. Mary's, MD",24037,1.1,7.54
"Somerset, MD",24039,3.2,21.46
"Talbot, MD",24041,0.7,8.14
"Washington, MD",24043,3.5,9.71
"Wicomico, MD",24045,1.6,12.41
"Worcester, MD",24047,2.7,9.82
"Baltimore city, MD",24510,1.8,20.02
MASSACHUSETTS,25000,1.9,9.57
"Barnstable, MA",25001,1.4,7.16
"Berkshire, MA",25003,3.4,10.83
"Bristol, MA",25005,2,10.23
"Dukes, MA",25007,2,6.96
"Essex, MA",25009,2.4,9.67
"Franklin, MA",25011,3.9,10.18
"Hampden, MA",25013,3.5,15.22
"Hampshire, MA",25015,3.8,9.85
"Middlesex, MA",25017,1.5,7.16
"Nantucket, MA",25019,0.3,6.01
"Norfolk, MA",25021,1.4,5.64
"Plymouth, MA",25023,1,7.07
"Suffolk, MA",25025,2,17.28
"Worcester, MA",25027,1.1,8.95
MICHIGAN,26000,6.4,12.49
"Alcona, MI",26001,3.9,13.84
"Alger, MI",26003,2.8,12.09
"Allegan, MI",26005,4.4,9.37
"Alpena, MI",26007,5.3,13.6
"Antrim, MI",26009,7.3,11.03
"Arenac, MI",26011,3.5,15.97
"Baraga, MI",26013,4.5,13.51
"Barry, MI",26015,4,7.99
"Bay, MI",26017,2.9,11.41
"Benzie, MI",26019,4.9,9.29
"Berrien, MI",26021,5.2,14.64
"Branch, MI",26023,6.9,13.3
"Calhoun, MI",26025,6.6,13.97
"Cass, MI",26027,5.4,12.3
"Charlevoix, MI",26029,4.9,9.81
"Cheboygan, MI",26031,4.3,13.67
"Chippewa, MI",26033,5.2,15.6
"Clare, MI",26035,7.2,17.59
"Clinton, MI",26037,2.5,6.46
"Crawford, MI",26039,5.9,15.12
"Delta, MI",26041,3.5,11.58
"Dickinson, MI",26043,3.3,10.33
"Eaton, MI",26045,3.6,8.18
"Emmet, MI",26047,4,8.91
"Genesee, MI",26049,7.3,15.08
"Gladwin, MI",26051,6.8,15.31
"Gogebic, MI",26053,7.5,16.53
"Grand Traverse, MI",26055,4.3,8.4
"Gratiot, MI",26057,8.7,13.98
"Hillsdale, MI",26059,7.4,12.44
"Houghton, MI",26061,7.1,16.89
"Huron, MI",26063,4.8,12.19
"Ingham, MI",26065,7.7,15.56
"Ionia, MI",26067,6.8,11.59
"Iosco, MI",26069,6.1,14.91
"Iron, MI",26071,4.5,13.67
"Isabella, MI",26073,13.9,19.33
"Jackson, MI",26075,4.2,12.54
"Kalamazoo, MI",26077,9.6,14.06
"Kalkaska, MI",26079,5.7,13.23
"Kent, MI",26081,6.3,11.46
"Keweenaw, MI",26083,3.4,12.41
"Lake, MI",26085,4.4,20.38
"Lapeer, MI",26087,3.5,8
"Leelanau, MI",26089,2.9,7.5
"Lenawee, MI",26091,5.8,9.74
"Livingston, MI",26093,3.2,4.85
"Luce, MI",26095,3.9,17.41
"Mackinac, MI",26097,3.3,11.5
"Macomb, MI",26099,5.3,7.97
"Manistee, MI",26101,2.7,12.69
"Marquette, MI",26103,4.3,12.06
"Mason, MI",26105,6.9,13.33
"Mecosta, MI",26107,6.9,17.26
"Menominee, MI",26109,2.9,11.97
"Midland, MI",26111,4.4,9.84
"Missaukee, MI",26113,3.7,13.31
"Monroe, MI",26115,4.3,8.08
"Montcalm, MI",26117,8.9,13.83
"Montmorency, MI",26119,5.7,14.72
"Muskegon, MI",26121,6.9,14.96
"Newaygo, MI",26123,7.7,13.79
"Oakland, MI",26125,4.1,7.25
"Oceana, MI",26127,6.9,16.46
"Ogemaw, MI",26129,4.5,16.29
"Ontonagon, MI",26131,1.4,12.57
"Osceola, MI",26133,6.4,14.91
"Oscoda, MI",26135,5.6,17.2
"Otsego, MI",26137,4.1,10.03
"Ottawa, MI",26139,5.5,6.85
"Presque Isle, MI",26141,4.2,11.89
"Roscommon, MI",26143,8.8,16.7
"Saginaw, MI",26145,9.6,16.11
"St. Clair, MI",26147,6.3,9.97
"St. Joseph, MI",26149,6.5,12.97
"Sanilac, MI",26151,6.5,13.18
"Schoolcraft, MI",26153,3.5,14.09
"Shiawassee, MI",26155,6.3,10.75
"Tuscola, MI",26157,7.3,11.78
"Van Buren, MI",26159,4.9,14.13
"Washtenaw, MI",26161,7,11.19
"Wayne, MI",26163,9.8,18.59
"Wexford, MI",26165,6,13.46
MINNESOTA,27000,4,8.66
"Aitkin, MN",27001,3.4,13
"Anoka, MN",27003,2.9,5.58
"Becker, MN",27005,2,11.45
"Beltrami, MN",27007,5.3,17.16
"Benton, MN",27009,5.5,8.28
"Big Stone, MN",27011,0.8,11.32
"Blue Earth, MN",27013,8.7,12.46
"Brown, MN",27015,5.1,7.75
"Carlton, MN",27017,2.4,9.17
"Carver, MN",27019,1.8,3.92
"Cass, MN",27021,1.7,12.88
"Chippewa, MN",27023,2.1,8.8
"Chisago, MN",27025,2.7,5.85
"Clay, MN",27027,3.1,11.28
"Clearwater, MN",27029,2.6,14.65
"Cook, MN",27031,3,8.25
"Cottonwood, MN",27033,0.6,10.3
"Crow Wing, MN",27035,5.5,9.87
"Dakota, MN",27037,2.6,4.76
"Dodge, MN",27039,2.3,5.83
"Douglas, MN",27041,3.5,8.81
"Faribault, MN",27043,4.4,10.21
"Fillmore, MN",27045,4.5,9.73
"Freeborn, MN",27047,2.9,9.14
"Goodhue, MN",27049,2.5,6.44
"Grant, MN",27051,1.8,9.66
"Hennepin, MN",27053,4.9,9.64
"Houston, MN",27055,2.1,7.48
"Hubbard, MN",27057,1.4,11.24
"Isanti, MN",27059,3.4,6.76
"Itasca, MN",27061,4.1,11
"Jackson, MN",27063,3,8.71
"Kanabec, MN",27065,2,10.49
"Kandiyohi, MN",27067,2.4,9.94
"Kittson, MN",27069,0.5,9.42
"Koochiching, MN",27071,2.4,11.9
"Lac qui Parle, MN",27073,1.2,8.61
"Lake, MN",27075,4.1,8.63
"Lake of the Woods, MN",27077,2.8,9.98
"Le Sueur, MN",27079,2.6,6.79
"Lincoln, MN",27081,-0.1,9.67
"Lyon, MN",27083,4,9.49
"McLeod, MN",27085,2.8,6.22
"Mahnomen, MN",27087,3.5,17.7
"Marshall, MN",27089,0.8,9.3
"Martin, MN",27091,2.3,10.1
"Meeker, MN",27093,2.3,8.1
"Mille Lacs, MN",27095,4.5,9.91
"Morrison, MN",27097,4.1,10.48
"Mower, MN",27099,5.6,10.3
"Murray, MN",27101,2.5,8.25
"Nicollet, MN",27103,2.6,8.3
"Nobles, MN",27105,2.5,11.34
"Norman, MN",27107,3.8,11.2
"Olmsted, MN",27109,2.2,6.8
"Otter Tail, MN",27111,3.7,10.66
"Pennington, MN",27113,4.1,10.17
"Pine, MN",27115,8.2,12.21
"Pipestone, MN",27117,2.2,9.75
"Polk, MN",27119,1.5,11.79
"Pope, MN",27121,1.9,9.1
"Ramsey, MN",27123,7.6,12.04
"Red Lake, MN",27125,2,9.8
"Redwood, MN",27127,2.5,8.79
"Renville, MN",27129,2.7,9.5
"Rice, MN",27131,5.2,8.08
"Rock, MN",27133,2.3,8.07
"Roseau, MN",27135,2.3,7.09
"St. Louis, MN",27137,7,12.22
"Scott, MN",27139,1.5,3.87
"Sherburne, MN",27141,3,4.98
"Sibley, MN",27143,3.3,8.37
"Stearns, MN",27145,6.3,9.34
"Steele, MN",27147,1.6,6.91
"Stevens, MN",27149,3.8,10.61
"Swift, MN",27151,2.3,10.16
"Todd, MN",27153,3.4,12.46
"Traverse, MN",27155,1.9,11.45
"Wabasha, MN",27157,2.7,6.95
"Wadena, MN",27159,4,14.03
"Waseca, MN",27161,1.3,8.28
"Washington, MN",27163,2.4,4.34
"Watonwan, MN",27165,2.3,9.92
"Wilkin, MN",27167,0.9,8.41
"Winona, MN",27169,7.9,11.51
"Wright, MN",27171,1.8,5.14
"Yellow Medicine, MN",27173,2,9.52
MISSISSIPPI,28000,4.2,19.83
"Adams, MS",28001,6.3,25.71
"Alcorn, MS",28003,3.8,17.19
"Amite, MS",28005,5.5,21.22
"Attala, MS",28007,3.5,22.32
"Benton, MS",28009,3.3,22.08
"Bolivar, MS",28011,7.6,32.78
"Calhoun, MS",28013,5.8,19.52
"Carroll, MS",28015,3,18.02
"Chickasaw, MS",28017,11.4,20.38
"Choctaw, MS",28019,3.1,24.1
"Claiborne, MS",28021,11.9,31.49
"Clarke, MS",28023,5.3,19.84
"Clay, MS",28025,7,23
"Coahoma, MS",28027,11.7,32.07
"Copiah, MS",28029,5.6,22.62
"Covington, MS",28031,4.9,21.65
"DeSoto, MS",28033,1.7,8.56
"Forrest, MS",28035,2.9,22.87
"Franklin, MS",28037,1.5,21.04
"George, MS",28039,0.9,16.48
"Greene, MS",28041,3.9,22.56
"Grenada, MS",28043,5.5,20.37
"Hancock, MS",28045,4.6,16.55
"Harrison, MS",28047,3.7,16.24
"Hinds, MS",28049,5.3,21.56
"Holmes, MS",28051,13.6,38.21
"Humphreys, MS",28053,13.5,35.64
"Issaquena, MS",28055,12.1,41.39
"Itawamba, MS",28057,3,14.31
"Jackson, MS",28059,1.2,14.51
"Jasper, MS",28061,3,21.01
"Jefferson, MS",28063,4.2,32.74
"Jefferson Davis, MS",28065,1.7,27.06
"Jones, MS",28067,7.3,20.59
"Kemper, MS",28069,6.2,23.91
"Lafayette, MS",28071,6.9,18.7
"Lamar, MS",28073,0.4,13.7
"Lauderdale, MS",28075,5.8,20.73
"Lawrence, MS",28077,2.8,18.78
"Leake, MS",28079,6.2,22.1
"Lee, MS",28081,5.2,15.54
"Leflore, MS",28083,11.3,35.68
"Lincoln, MS",28085,1.9,18.68
"Lowndes, MS",28087,7.6,20.4
"Madison, MS",28089,0.3,12.95
"Marion, MS",28091,2.4,23.91
"Marshall, MS",28093,6.8,20.67
"Monroe, MS",28095,4.8,17.83
"Montgomery, MS",28097,9.4,23.35
"Neshoba, MS",28099,4.7,20.2
"Newton, MS",28101,2.4,18.21
"Noxubee, MS",28103,6.2,30.35
"Oktibbeha, MS",28105,13.4,26.18
"Panola, MS",28107,7.9,23.82
"Pearl River, MS",28109,1.4,19.4
"Perry, MS",28111,3.7,20.12
"Pike, MS",28113,1.7,25.06
"Pontotoc, MS",28115,4.7,14.41
"Prentiss, MS",28117,7.6,17.29
"Quitman, MS",28119,11.7,32.4
"Rankin, MS",28121,1.5,10.31
"Scott, MS",28123,6.3,19.8
"Sharkey, MS",28125,5.9,35.23
"Simpson, MS",28127,5,21.27
"Smith, MS",28129,6,18.31
"Stone, MS",28131,0.4,18.51
"Sunflower, MS",28133,5.5,36.3
"Tallahatchie, MS",28135,5.5,28.93
"Tate, MS",28137,4.1,15.81
"Tippah, MS",28139,5.6,17.32
"Tishomingo, MS",28141,5.3,16.01
"Tunica, MS",28143,4.7,24.13
"Union, MS",28145,5.9,13.95
"Walthall, MS",28147,3,24.75
"Warren, MS",28149,5.8,18.62
"Washington, MS",28151,5.8,30.84
"Wayne, MS",28153,4.7,22.55
"Webster, MS",28155,6.2,19.88
"Wilkinson, MS",28157,2.8,32.06
"Winston, MS",28159,3.3,21.89
"Yalobusha, MS",28161,4.7,21.44
"Yazoo, MS",28163,7.7,31.12
MISSOURI,29000,4,12.63
"Adair, MO",29001,9,20.21
"Andrew, MO",29003,1,8.65
"Atchison, MO",29005,2,12.46
"Audrain, MO",29007,5.6,15.31
"Barry, MO",29009,4.4,16.7
"Barton, MO",29011,4.8,14.65
"Bates, MO",29013,2.5,14.57
"Benton, MO",29015,5.6,17.28
"Bollinger, MO",29017,4,15.65
"Boone, MO",29019,7.6,13.96
"Buchanan, MO",29021,3.2,13.67
"Butler, MO",29023,6.1,19.23
"Caldwell, MO",29025,3.3,13.08
"Callaway, MO",29027,1.4,10.82
"Camden, MO",29029,4.3,12.75
"Cape Girardeau, MO",29031,5.1,12.66
"Carroll, MO",29033,2.7,14.53
"Carter, MO",29035,3.1,22.66
"Cass, MO",29037,3.1,7.44
"Cedar, MO",29039,4.8,18.86
"Chariton, MO",29041,4.3,12.51
"Christian, MO",29043,2.4,9.61
"Clark, MO",29045,2.9,14.11
"Clay, MO",29047,2.8,6.74
"Clinton, MO",29049,1.8,9.24
"Cole, MO",29051,3.7,9.6
"Cooper, MO",29053,4.7,12.53
"Crawford, MO",29055,3.6,16.45
"Dade, MO",29057,5.5,15.16
"Dallas, MO",29059,5.2,17.2
"Daviess, MO",29061,0.9,15.51
"DeKalb, MO",29063,2.9,15.7
"Dent, MO",29065,4,18.24
"Douglas, MO",29067,3.7,19.87
"Dunklin, MO",29069,3.9,23.18
"Franklin, MO",29071,4.1,8.85
"Gasconade, MO",29073,3.8,11.02
"Gentry, MO",29075,5.3,12.49
"Greene, MO",29077,7.3,13.48
"Grundy, MO",29079,2.3,15.73
"Harrison, MO",29081,5.3,16.03
"Henry, MO",29083,5.3,15.2
"Hickory, MO",29085,3.5,18.83
"Holt, MO",29087,3.3,13.32
"Howard, MO",29089,2.7,13.71
"Howell, MO",29091,4.7,19.01
"Iron, MO",29093,4.7,19.69
"Jackson, MO",29095,5.4,13.2
"Jasper, MO",29097,6.8,16.21
"Jefferson, MO",29099,3.9,8.35
"Johnson, MO",29101,5.5,12.88
"Knox, MO",29103,6.5,17.32
"Laclede, MO",29105,5,15.51
"Lafayette, MO",29107,1.6,10.98
"Lawrence, MO",29109,5.1,15.35
"Lewis, MO",29111,5.6,15.65
"Lincoln, MO",29113,2.5,9.45
"Linn, MO",29115,3.5,14.92
"Livingston, MO",29117,6.3,14.36
"McDonald, MO",29119,4.7,19.25
"Macon, MO",29121,3,13.77
"Madison, MO",29123,5.5,17.14
"Maries, MO",29125,2.9,14.52
"Marion, MO",29127,6.1,14.43
"Mercer, MO",29129,3.7,13.69
"Miller, MO",29131,2.6,15.03
"Mississippi, MO",29133,6.6,24.96
"Moniteau, MO",29135,3.7,11.77
"Monroe, MO",29137,3.1,12.37
"Montgomery, MO",29139,4.3,13.32
"Morgan, MO",29141,5.7,16.99
"New Madrid, MO",29143,3.9,21.99
"Newton, MO",29145,3.4,14
"Nodaway, MO",29147,10.7,14.72
"Oregon, MO",29149,5,22.51
"Osage, MO",29151,3.4,9.1
"Ozark, MO",29153,4.7,21.3
"Pemiscot, MO",29155,4.2,27.67
"Perry, MO",29157,3.1,10.42
"Pettis, MO",29159,4.8,14.17
"Phelps, MO",29161,4.4,16.15
"Pike, MO",29163,2,16.01
"Platte, MO",29165,2.3,5.7
"Polk, MO",29167,8.1,17.35
"Pulaski, MO",29169,2.3,13.24
"Putnam, MO",29171,3.9,16.57
"Ralls, MO",29173,2.8,9.97
"Randolph, MO",29175,7.9,15.86
"Ray, MO",29177,2.5,8.98
"Reynolds, MO",29179,4.9,21.26
"Ripley, MO",29181,4.1,22.69
"St. Charles, MO",29183,1,4.76
"St. Clair, MO",29185,4.9,19.64
"Ste. Genevieve, MO",29186,3.5,9.78
"St. Francois, MO",29187,3.4,15.79
"St. Louis, MO",29189,2.7,8.49
"Saline, MO",29195,4.5,15.01
"Schuyler, MO",29197,5.5,16.97
"Scotland, MO",29199,4.9,15.98
"Scott, MO",29201,5,16.92
"Shannon, MO",29203,5.9,25.45
"Shelby, MO",29205,4,15.12
"Stoddard, MO",29207,3.6,16.66
"Stone, MO",29209,5.2,14.27
"Sullivan, MO",29211,5,17.21
"Taney, MO",29213,2.9,14.2
"Texas, MO",29215,5,21.18
"Vernon, MO",29217,6.3,17.56
"Warren, MO",29219,3.6,9.7
"Washington, MO",29221,5.4,21.43
"Wayne, MO",29223,3.5,22.98
"Webster, MO",29225,3.3,15.73
"Worth, MO",29227,1.8,15.01
"Wright, MO",29229,10.3,22.38
"St. Louis city, MO",29510,5.9,23.48
MONTANA,30000,1.7,14.13
"Beaverhead, MT",30001,1.1,16.06
"Big Horn, MT",30003,0.2,25.11
"Blaine, MT",30005,5,24.09
"Broadwater, MT",30007,-1.5,12.9
"Carbon, MT",30009,0.7,11.45
"Carter, MT",30011,3.8,14.09
"Cascade, MT",30013,3,13.43
"Chouteau, MT",30015,4,16.49
"Custer, MT",30017,-0.2,14.56
"Daniels, MT",30019,-0.1,12.85
"Dawson, MT",30021,0.7,12.59
"Deer Lodge, MT",30023,2.4,15.95
"Fallon, MT",30025,-1.6,9.79
"Fergus, MT",30027,3.1,14.43
"Flathead, MT",30029,1.9,12.16
"Gallatin, MT",30031,3.2,11.3
"Garfield, MT",30033,2.4,14.51
"Glacier, MT",30035,3.5,27.18
"Golden Valley, MT",30037,-0.2,20.43
"Granite, MT",30039,1.5,15.24
"Hill, MT",30041,2.3,17.97
"Jefferson, MT",30043,-1.2,9.78
"Judith Basin, MT",30045,1.1,15.92
"Lake, MT",30047,2.7,19.66
"Lewis and Clark, MT",30049,-0.2,10.85
"Liberty, MT",30051,3.3,15.66
"Lincoln, MT",30053,3.4,18.47
"McCone, MT",30055,2.8,13.44
"Madison, MT",30057,-0.6,11.95
"Meagher, MT",30059,0.9,17.86
"Mineral, MT",30061,-0.8,17.66
"Missoula, MT",30063,3.9,15.27
"Musselshell, MT",30065,3.1,18.18
"Park, MT",30067,1.5,12.3
"Petroleum, MT",30069,2.5,16.35
"Phillips, MT",30071,0.3,16.72
"Pondera, MT",30073,1.6,18.69
"Powder River, MT",30075,-1,12.21
"Powell, MT",30077,4.7,17.46
"Prairie, MT",30079,1.7,13.31
"Ravalli, MT",30081,2.1,14.05
"Richland, MT",30083,-2.3,11.99
"Roosevelt, MT",30085,4.3,27.55
"Rosebud, MT",30087,0.2,18.73
"Sanders, MT",30089,3.6,18.23
"Sheridan, MT",30091,-0.1,12.68
"Silver Bow, MT",30093,0.2,15.19
"Stillwater, MT",30095,0.1,9.3
"Sweet Grass, MT",30097,0.6,10.52
"Teton, MT",30099,1.6,13.77
"Toole, MT",30101,1.1,15.12
"Treasure, MT",30103,-0.7,12.92
"Valley, MT",30105,-0.9,14.76
"Wheatland, MT",30107,-3.2,20.52
"Wibaux, MT",30109,-2.3,13.66
"Yellowstone, MT",30111,0.9,11.41
"Yellowstone National Park, MT",30113,0,0
NEBRASKA,31000,3.3,10.46
"Adams, NE",31001,4.2,10.77
"Antelope, NE",31003,2.6,12.95
"Arthur, NE",31005,3.1,11.11
"Banner, NE",31007,5.5,12.11
"Blaine, NE",31009,3.5,17.57
"Boone, NE",31011,-0.5,10.55
"Box Butte, NE",31013,1.3,11.41
"Boyd, NE",31015,2.5,13.93
"Brown, NE",31017,2.5,13.08
"Buffalo, NE",31019,6.4,11.31
"Burt, NE",31021,1.4,10.35
"Butler, NE",31023,1.6,9.05
"Cass, NE",31025,0.6,6.5
"Cedar, NE",31027,2.5,8.97
"Chase, NE",31029,1.1,10.77
"Cherry, NE",31031,1.4,13.16
"Cheyenne, NE",31033,0.9,9.83
"Clay, NE",31035,0.8,10.51
"Colfax, NE",31037,2.3,9.91
"Cuming, NE",31039,0.7,9.44
"Custer, NE",31041,0.4,13.01
"Dakota, NE",31043,4.4,11.76
"Dawes, NE",31045,4.7,17.68
"Dawson, NE",31047,4.5,11.86
"Deuel, NE",31049,2.6,10.77
"Dixon, NE",31051,1.7,9.61
"Dodge, NE",31053,3.7,10.14
"Douglas, NE",31055,4.2,11.09
"Dundy, NE",31057,1.6,13.51
"Fillmore, NE",31059,2.3,9.86
"Franklin, NE",31061,0.1,12.52
"Frontier, NE",31063,2.1,12.54
"Furnas, NE",31065,1.6,12.43
"Gage, NE",31067,2.7,10.39
"Garden, NE",31069,1,14.43
"Garfield, NE",31071,1.6,12.33
"Gosper, NE",31073,1.4,8.59
"Grant, NE",31075,3.5,10.03
"Greeley, NE",31077,2.7,13.55
"Hall, NE",31079,1.7,11.73
"Hamilton, NE",31081,0.8,7.89
"Harlan, NE",31083,2.2,11.66
"Hayes, NE",31085,4,13.28
"Hitchcock, NE",31087,1.3,14.14
"Holt, NE",31089,1,12.86
"Hooker, NE",31091,-0.5,9.47
"Howard, NE",31093,3.1,11.27
"Jefferson, NE",31095,2.6,10.58
"Johnson, NE",31097,3.7,10.31
"Kearney, NE",31099,1.8,8.55
"Keith, NE",31101,0.8,10.97
"Keya Paha, NE",31103,5.9,17.89
"Kimball, NE",31105,0.6,12.61
"Knox, NE",31107,2.4,14.63
"Lancaster, NE",31109,6.9,10.51
"Lincoln, NE",31111,1,10.81
"Logan, NE",31113,1.6,10.53
"Loup, NE",31115,5.4,14.1
"McPherson, NE",31117,3.7,13.44
"Madison, NE",31119,2.4,11.37
"Merrick, NE",31121,3,9.76
"Morrill, NE",31123,2.2,14.98
"Nance, NE",31125,-0.1,12.6
"Nemaha, NE",31127,4.8,12.1
"Nuckolls, NE",31129,8.9,12.35
"Otoe, NE",31131,3.7,9.08
"Pawnee, NE",31133,1.9,12.73
"Perkins, NE",31135,1.2,11.27
"Phelps, NE",31137,2.2,9.85
"Pierce, NE",31139,0.8,10.19
"Platte, NE",31141,1.6,8.35
"Polk, NE",31143,0.4,7.72
"Red Willow, NE",31145,2.1,11.02
"Richardson, NE",31147,2.6,12.41
"Rock, NE",31149,4.4,16.99
"Saline, NE",31151,2.5,8.93
"Sarpy, NE",31153,1,5.2
"Saunders, NE",31155,1.2,7.46
"Scotts Bluff, NE",31157,0.6,14.97
"Seward, NE",31159,2,7.56
"Sheridan, NE",31161,1.2,14.95
"Sherman, NE",31163,2.1,12.55
"Sioux, NE",31165,3.4,13.08
"Stanton, NE",31167,1,8.59
"Thayer, NE",31169,0.9,11.42
"Thomas, NE",31171,3,11.92
"Thurston, NE",31173,3.9,23.54
"Valley, NE",31175,1.5,13.02
"Washington, NE",31177,1.2,6.28
"Wayne, NE",31179,3.3,12.36
"Webster, NE",31181,3.9,11.47
"Wheeler, NE",31183,5.1,15.08
"York, NE",31185,1.9,8.97
NEVADA,32000,3,10.67
"Churchill, NV",32001,0.2,10.29
"Clark, NV",32003,2.7,10.9
"Douglas, NV",32005,2.8,7.24
"Elko, NV",32007,0.5,8.66
"Esmeralda, NV",32009,2.1,13.55
"Eureka, NV",32011,0,10.02
"Humboldt, NV",32013,2.1,10.33
"Lander, NV",32015,0.5,9.89
"Lincoln, NV",32017,-1.4,13.87
"Lyon, NV",32019,-0.1,9.53
"Mineral, NV",32021,2,15.79
"Nye, NV",32023,1.8,12.99
"Pershing, NV",32027,4.2,15.56
"Storey, NV",32029,4.1,5.59
"Washoe, NV",32031,4.8,10.22
"White Pine, NV",32033,-0.6,13.15
"Carson City city, NV",32510,4.6,10.86
NEW HAMPSHIRE,33000,3,7.02
"Belknap, NH",33001,2.8,7.71
"Carroll, NH",33003,3.3,8.54
"Cheshire, NH",33005,2.9,8.13
"Coos, NH",33007,5,11.32
"Grafton, NH",33009,3.8,8.5
"Hillsborough, NH",33011,3.7,6.7
"Merrimack, NH",33013,1.9,6.99
"Rockingham, NH",33015,2.1,4.79
"Strafford, NH",33017,2.9,9.31
"Sullivan, NH",33019,3.7,8.97
NEW JERSEY,34000,1.6,8.52
"Atlantic, NJ",34001,1.4,10.29
"Bergen, NJ",34003,1.6,5.63
"Burlington, NJ",34005,1,5.41
"Camden, NJ",34007,1.3,10.72
"Cape May, NJ",34009,1.4,9.31
"Cumberland, NJ",34011,2.7,14.78
"Essex, NJ",34013,0.8,14.01
"Gloucester, NJ",34015,1.8,6.6
"Hudson, NJ",34017,1,14.65
"Hunterdon, NJ",34019,1.7,3.28
"Mercer, NJ",34021,3,8.59
"Middlesex, NJ",34023,2.1,6.85
"Monmouth, NJ",34025,1.6,5.98
"Morris, NJ",34027,0.6,3.79
"Ocean, NJ",34029,1.5,7.84
"Passaic, NJ",34031,5.3,13.12
"Salem, NJ",34033,1.8,9.36
"Somerset, NJ",34035,0.8,4.03
"Sussex, NJ",34037,1.6,4.46
"Union, NJ",34039,1.7,8.71
"Warren, NJ",34041,1.5,5.97
NEW MEXICO,35000,0.9,17.72
"Bernalillo, NM",35001,2.6,14.3
"Catron, NM",35003,-0.3,21.38
"Chaves, NM",35005,-0.5,21.36
"Cibola, NM",35006,3.7,23.54
"Colfax, NM",35007,1.5,16.5
"Curry, NM",35009,-1.1,18.72
"De Baca, NM",35011,1.3,19.31
"Dona Ana, NM",35013,1.2,24.4
"Eddy, NM",35015,-4.4,16.94
"Grant, NM",35017,1.2,18.98
"Guadalupe, NM",35019,4.1,23.29
"Harding, NM",35021,1.1,15.14
"Hidalgo, NM",35023,-1.6,24.38
"Lea, NM",35025,-3,17.6
"Lincoln, NM",35027,-0.1,16.36
"Los Alamos, NM",35028,0.4,3
"Luna, NM",35029,2.3,29.27
"McKinley, NM",35031,-0.7,30.85
"Mora, NM",35033,-0.7,22.9
"Otero, NM",35035,3.6,17.88
"Quay, NM",35037,1.5,22.36
"Rio Arriba, NM",35039,0.6,19.01
"Roosevelt, NM",35041,-0.6,22.8
"Sandoval, NM",35043,-0.8,11.27
"San Juan, NM",35045,1.9,17.96
"San Miguel, NM",35047,1.1,23.96
"Santa Fe, NM",35049,0.4,12.62
"Sierra, NM",35051,4.8,24.15
"Socorro, NM",35053,0.2,28.02
"Taos, NM",35055,-1.8,19.51
"Torrance, NM",35057,2,23.02
"Union, NM",35059,-0.9,17.21
"Valencia, NM",35061,4.3,17.12
NEW YORK,36000,1,13.94
"Albany, NY",36001,2.2,10.93
"Allegany, NY",36003,1.6,15.99
"Bronx, NY",36005,2.9,27.41
"Broome, NY",36007,4.7,13.4
"Cattaraugus, NY",36009,4.2,14.22
"Cayuga, NY",36011,2.2,12.08
"Chautauqua, NY",36013,4.1,15.41
"Chemung, NY",36015,3.9,14.16
"Chenango, NY",36017,2.1,13.53
"Clinton, NY",36019,1.5,13.22
"Columbia, NY",36021,0.6,9.94
"Cortland, NY",36023,4.9,14.19
"Delaware, NY",36025,2.3,13.81
"Dutchess, NY",36027,2,7.76
"Erie, NY",36029,2.7,12.94
"Essex, NY",36031,-0.2,12.08
"Franklin, NY",36033,1.5,15.48
"Fulton, NY",36035,5.1,13.85
"Genesee, NY",36037,1.9,9.64
"Greene, NY",36039,2.2,12.86
"Hamilton, NY",36041,1.2,9.99
"Herkimer, NY",36043,2.4,12.58
"Jefferson, NY",36045,3.4,14.5
"Kings, NY",36047,0.3,22.41
"Lewis, NY",36049,3.7,13.68
"Livingston, NY",36051,1.6,11.24
"Madison, NY",36053,1.7,10.64
"Monroe, NY",36055,2.6,12.43
"Montgomery, NY",36057,3.8,13.72
"Nassau, NY",36059,0.3,5.38
"New York, NY",36061,-0.6,17.76
"Niagara, NY",36063,3.5,11.61
"Oneida, NY",36065,1.8,13.69
"Onondaga, NY",36067,2.9,12.23
"Ontario, NY",36069,0,8.32
"Orange, NY",36071,2.1,10.37
"Orleans, NY",36073,1.2,12.63
"Oswego, NY",36075,2.1,14.12
"Otsego, NY",36077,4.1,13.64
"Putnam, NY",36079,2.1,4.8
"Queens, NY",36081,-1.7,13.85
"Rensselaer, NY",36083,1.7,10.14
"Richmond, NY",36085,2.5,9.99
"Rockland, NY",36087,2.3,10.02
"St. Lawrence, NY",36089,2.9,16.17
"Saratoga, NY",36091,0.3,6.43
"Schenectady, NY",36093,2.1,10.92
"Schoharie, NY",36095,0.1,11.92
"Schuyler, NY",36097,0.7,11.98
"Seneca, NY",36099,1,12.11
"Steuben, NY",36101,2.8,13.39
"Suffolk, NY",36103,-0.5,6.21
"Sullivan, NY",36105,3.5,14.42
"Tioga, NY",36107,2.6,9.61
"Tompkins, NY",36109,6.8,15.5
"Ulster, NY",36111,2,11.17
"Warren, NY",36113,0.9,10.15
"Washington, NY",36115,3,11.43
"Wayne, NY",36117,2.1,9.95
"Westchester, NY",36119,1.5,8.15
"Wyoming, NY",36121,2.1,10.22
"Yates, NY",36123,0.5,13.54
NORTH CAROLINA,37000,4.5,13.83
"Alamance, NC",37001,5.8,12.71
"Alexander, NC",37003,5.5,11.7
"Alleghany, NC",37005,5.7,17.09
"Anson, NC",37007,7.3,20.31
"Ashe, NC",37009,4.2,15.23
"Avery, NC",37011,4,16.54
"Beaufort, NC",37013,2.2,17.59
"Bertie, NC",37015,3.5,22.34
"Bladen, NC",37017,4.8,21.42
"Brunswick, NC",37019,1.4,13.36
"Buncombe, NC",37021,4.8,13.23
"Burke, NC",37023,6.4,14.36
"Cabarrus, NC",37025,3.6,9.83
"Caldwell, NC",37027,5.7,13.6
"Camden, NC",37029,-1.1,8.8
"Carteret, NC",37031,1.7,12.1
"Caswell, NC",37033,9.5,16.37
"Catawba, NC",37035,5.5,11.49
"Chatham, NC",37037,2.3,10.26
"Cherokee, NC",37039,2.8,16.38
"Chowan, NC",37041,3.7,17.51
"Clay, NC",37043,3.4,14.18
"Cleveland, NC",37045,4,16.3
"Columbus, NC",37047,5.5,21.91
"Craven, NC",37049,3.5,13.7
"Cumberland, NC",37051,3.9,16.09
"Currituck, NC",37053,0.1,9.94
"Dare, NC",37055,2.7,8.61
"Davidson, NC",37057,4.7,12.55
"Davie, NC",37059,3.6,9.51
"Duplin, NC",37061,5.8,19.89
"Durham, NC",37063,5,14.04
"Edgecombe, NC",37065,6.1,22.04
"Forsyth, NC",37067,5.9,13.32
"Franklin, NC",37069,1.3,13.59
"Gaston, NC",37071,4.1,13.94
"Gates, NC",37073,3.4,14.87
"Graham, NC",37075,3.3,18.2
"Granville, NC",37077,3.2,13.16
"Greene, NC",37079,5.5,19.55
"Guilford, NC",37081,6.7,13.93
"Halifax, NC",37083,5.7,23.87
"Harnett, NC",37085,2.7,15.85
"Haywood, NC",37087,2.7,13.68
"Henderson, NC",37089,1.7,11.6
"Hertford, NC",37091,4.9,22.3
"Hoke, NC",37093,5.1,17.35
"Hyde, NC",37095,2.4,21.71
"Iredell, NC",37097,4.8,10.54
"Jackson, NC",37099,6.3,16.76
"Johnston, NC",37101,5.9,12.97
"Jones, NC",37103,1.5,17.46
"Lee, NC",37105,2.7,13.39
"Lenoir, NC",37107,4.7,19.45
"Lincoln, NC",37109,5,11.24
"McDowell, NC",37111,5.8,14.09
"Macon, NC",37113,6.3,13.97
"Madison, NC",37115,4.7,16.12
"Martin, NC",37117,3.1,19.98
"Mecklenburg, NC",37119,5.4,11.26
"Mitchell, NC",37121,5.9,15.32
"Montgomery, NC",37123,6.7,17.41
"Moore, NC",37125,3.1,11.78
"Nash, NC",37127,2.8,14.47
"New Hanover, NC",37129,4,13.36
"Northampton, NC",37131,4.3,22.58
"Onslow, NC",37133,1.6,15.17
"Orange, NC",37135,7.1,12.71
"Pamlico, NC",37137,2.6,16.11
"Pasquotank, NC",37139,0.8,17.32
"Pender, NC",37141,4.2,14.58
"Perquimans, NC",37143,1.2,16.72
"Person, NC",37145,4.2,13.09
"Pitt, NC",37147,8.6,20.1
"Polk, NC",37149,5.5,11.54
"Randolph, NC",37151,7.1,12.79
"Richmond, NC",37153,12.5,21.41
"Robeson, NC",37155,7.5,27.16
"Rockingham, NC",37157,3.2,13.91
"Rowan, NC",37159,6,13.25
"Rutherford, NC",37161,8.1,16.35
"Sampson, NC",37163,5.5,19
"Scotland, NC",37165,11,22.84
"Stanly, NC",37167,3.5,12.74
"Stokes, NC",37169,1.7,10.93
"Surry, NC",37171,5.3,15.25
"Swain, NC",37173,1.9,16.15
"Transylvania, NC",37175,9.1,13.06
"Tyrrell, NC",37177,4,25.66
"Union, NC",37179,2.8,9.01
"Vance, NC",37181,14.6,21.89
"Wake, NC",37183,3.6,8.66
"Warren, NC",37185,6.8,22.58
"Washington, NC",37187,2.9,21.81
"Watauga, NC",37189,7.2,17.55
"Wayne, NC",37191,5.8,16.38
"Wilkes, NC",37193,6.3,15.23
"Wilson, NC",37195,4.4,18.12
"Yadkin, NC",37197,3.6,12.04
"Yancey, NC",37199,3.3,16.64
NORTH DAKOTA,38000,1.3,11.25
"Adams, ND",38001,0.3,11.33
"Barnes, ND",38003,0.2,11.02
"Benson, ND",38005,5.1,26.62
"Billings, ND",38007,-3.4,11.91
"Bottineau, ND",38009,0.3,11.48
"Bowman, ND",38011,-2.2,8.79
"Burke, ND",38013,-1.8,10.96
"Burleigh, ND",38015,0.7,8.46
"Cass, ND",38017,3.8,9.59
"Cavalier, ND",38019,0.6,10.49
"Dickey, ND",38021,0.5,13.12
"Divide, ND",38023,0.2,11.72
"Dunn, ND",38025,-2.1,13.09
"Eddy, ND",38027,2.3,11.17
"Emmons, ND",38029,1.2,14.22
"Foster, ND",38031,0.2,8.87
"Golden Valley, ND",38033,-1,13.66
"Grand Forks, ND",38035,4.1,12.77
"Grant, ND",38037,1.8,17.66
"Griggs, ND",38039,-1.3,10.56
"Hettinger, ND",38041,3.8,12.55
"Kidder, ND",38043,2,14.35
"LaMoure, ND",38045,0.7,10.97
"Logan, ND",38047,-1.2,13.4
"McHenry, ND",38049,0.7,14.52
"McIntosh, ND",38051,1,14.16
"McKenzie, ND",38053,-2.9,14.85
"McLean, ND",38055,-2,11.84
"Mercer, ND",38057,0.3,7.36
"Morton, ND",38059,0.5,9.85
"Mountrail, ND",38061,-3.3,15.06
"Nelson, ND",38063,1.2,10.65
"Oliver, ND",38065,1.3,10.19
"Pembina, ND",38067,0.6,8.9
"Pierce, ND",38069,1.1,12.71
"Ramsey, ND",38071,0.3,13.1
"Ransom, ND",38073,0.8,9
"Renville, ND",38075,-1.3,9.58
"Richland, ND",38077,1.6,9.83
"Rolette, ND",38079,1.8,26.88
"Sargent, ND",38081,0.5,7.36
"Sheridan, ND",38083,1.8,18.67
"Sioux, ND",38085,8.6,33.51
"Slope, ND",38087,-0.6,13.27
"Stark, ND",38089,-1.2,11.04
"Steele, ND",38091,-0.7,7.71
"Stutsman, ND",38093,1.1,11.52
"Towner, ND",38095,1.4,10.47
"Traill, ND",38097,0.9,9.27
"Walsh, ND",38099,1,10.98
"Ward, ND",38101,-0.2,10.01
"Wells, ND",38103,1.8,12.06
"Williams, ND",38105,-2.8,11.01
OHIO,39000,5.3,12.03
"Adams, OH",39001,5,18.32
"Allen, OH",39003,8.2,13.02
"Ashland, OH",39005,8.6,10.73
"Ashtabula, OH",39007,5.6,14.12
"Athens, OH",39009,15.4,25.15
"Auglaize, OH",39011,2.6,7.13
"Belmont, OH",39013,2.2,15.37
"Brown, OH",39015,2.6,12.16
"Butler, OH",39017,6,10.2
"Carroll, OH",39019,3,11.76
"Champaign, OH",39021,2.4,9.45
"Clark, OH",39023,5.7,13.15
"Clermont, OH",39025,3.9,8.06
"Clinton, OH",39027,3.5,10.34
"Columbiana, OH",39029,4.5,13.82
"Coshocton, OH",39031,4.6,12.04
"Crawford, OH",39033,5.4,11.53
"Cuyahoga, OH",39035,6.9,14.82
"Darke, OH",39037,4.7,8.76
"Defiance, OH",39039,5.7,8.36
"Delaware, OH",39041,0.9,4.56
"Erie, OH",39043,6,10.55
"Fairfield, OH",39045,5.3,8
"Fayette, OH",39047,10.3,12.77
"Franklin, OH",39049,8.5,13.72
"Fulton, OH",39051,3.4,7.16
"Gallia, OH",39053,4.1,19.09
"Geauga, OH",39055,2.7,5.91
"Greene, OH",39057,5.2,9.23
"Guernsey, OH",39059,6.1,16.2
"Hamilton, OH",39061,4.9,12.68
"Hancock, OH",39063,4,8.75
"Hardin, OH",39065,5.9,13.07
"Harrison, OH",39067,5.4,14.46
"Henry, OH",39069,4.7,7.67
"Highland, OH",39071,5.3,13.19
"Hocking, OH",39073,4.4,14.15
"Holmes, OH",39075,4.3,11.22
"Huron, OH",39077,4.3,10.31
"Jackson, OH",39079,7.9,17.03
"Jefferson, OH",39081,4.2,15.46
"Knox, OH",39083,3.7,11.17
"Lake, OH",39085,2.6,6.94
"Lawrence, OH",39087,1.6,19.03
"Licking, OH",39089,4.2,9.43
"Logan, OH",39091,5.4,10.62
"Lorain, OH",39093,5.5,11.12
"Lucas, OH",39095,6.8,15.25
"Madison, OH",39097,5.4,10.12
"Mahoning, OH",39099,6,14.71
"Marion, OH",39101,6.8,13.22
"Medina, OH",39103,2,5.61
"Meigs, OH",39105,2,18.84
"Mercer, OH",39107,2.6,7.23
"Miami, OH",39109,4.8,8.34
"Monroe, OH",39111,1.7,14.76
"Montgomery, OH",39113,6.3,13.04
"Morgan, OH",39115,4.1,17.19
"Morrow, OH",39117,3.3,10.3
"Muskingum, OH",39119,4.1,14.73
"Noble, OH",39121,3.9,15.09
"Ottawa, OH",39123,4.3,7.78
"Paulding, OH",39125,3.5,8.99
"Perry, OH",39127,4.2,14.38
"Pickaway, OH",39129,4.4,11.24
"Pike, OH",39131,4.9,19.22
"Portage, OH",39133,6.1,10.45
"Preble, OH",39135,3.1,8.39
"Putnam, OH",39137,2.2,6.32
"Richland, OH",39139,4.4,12.22
"Ross, OH",39141,5.5,14.32
"Sandusky, OH",39143,4.6,9.16
"Scioto, OH",39145,5,20.45
"Seneca, OH",39147,4.2,10.2
"Shelby, OH",39149,4,8.26
"Stark, OH",39151,5.7,11.1
"Summit, OH",39153,5.2,11.87
"Trumbull, OH",39155,6.1,12.37
"Tuscarawas, OH",39157,4.9,10.75
"Union, OH",39159,2.4,6.27
"Van Wert, OH",39161,2.4,7.24
"Vinton, OH",39163,2.7,18.33
"Warren, OH",39165,1.2,5.28
"Washington, OH",39167,2.7,12.95
"Wayne, OH",39169,3.2,9.51
"Williams, OH",39171,5.4,8.76
"Wood, OH",39173,6.7,9.37
"Wyandot, OH",39175,3.9,7.28
OKLAHOMA,40000,2.3,15.2
"Adair, OK",40001,4.6,22.22
"Alfalfa, OK",40003,0.6,15.92
"Atoka, OK",40005,-0.3,21.85
"Beaver, OK",40007,0.7,11.23
"Beckham, OK",40009,-1.9,16.54
"Blaine, OK",40011,2.3,19.54
"Bryan, OK",40013,4.3,19.48
"Caddo, OK",40015,1.7,20.47
"Canadian, OK",40017,-0.2,8.24
"Carter, OK",40019,1.4,16.14
"Cherokee, OK",40021,1.3,22.59
"Choctaw, OK",40023,1.9,24.82
"Cimarron, OK",40025,3.4,15.88
"Cleveland, OK",40027,2.4,10.58
"Coal, OK",40029,-0.5,21.76
"Comanche, OK",40031,-0.6,16.49
"Cotton, OK",40033,0.8,15.89
"Craig, OK",40035,5.8,16.96
"Creek, OK",40037,0.9,13.77
"Custer, OK",40039,3.6,17.54
"Delaware, OK",40041,1.7,18.67
"Dewey, OK",40043,-0.4,13.75
"Ellis, OK",40045,-1.8,12.64
"Garfield, OK",40047,2.4,14.74
"Garvin, OK",40049,2.8,16.36
"Grady, OK",40051,1.2,13.99
"Grant, OK",40053,-1.4,13.83
"Greer, OK",40055,-0.2,23.36
"Harmon, OK",40057,2.4,25.81
"Harper, OK",40059,0.3,10.24
"Haskell, OK",40061,0.1,19.55
"Hughes, OK",40063,-0.3,22.91
"Jackson, OK",40065,2.6,16.43
"Jefferson, OK",40067,4.3,20.33
"Johnston, OK",40069,2.8,19.75
"Kay, OK",40071,3.3,16.32
"Kingfisher, OK",40073,-0.3,10.6
"Kiowa, OK",40075,-0.2,19.67
"Latimer, OK",40077,-1,19.17
"Le Flore, OK",40079,1.5,20.02
"Lincoln, OK",40081,2.3,14.63
"Logan, OK",40083,2.2,13.49
"Love, OK",40085,0,13.92
"McClain, OK",40087,0.4,10.8
"McCurtain, OK",40089,3.3,24.04
"McIntosh, OK",40091,3.7,20.06
"Major, OK",40093,-1.2,11.31
"Marshall, OK",40095,-2.1,16.2
"Mayes, OK",40097,1.6,15.74
"Murray, OK",40099,0.6,15.31
"Muskogee, OK",40101,4.5,18.42
"Noble, OK",40103,2.1,13.49
"Nowata, OK",40105,1.2,15.29
"Okfuskee, OK",40107,3.8,23.09
"Oklahoma, OK",40109,3.9,15.65
"Okmulgee, OK",40111,1.4,19.75
"Osage, OK",40113,2,13.57
"Ottawa, OK",40115,1.6,17.52
"Pawnee, OK",40117,2.4,14.85
"Payne, OK",40119,6.7,19.21
"Pittsburg, OK",40121,0.2,16.88
"Pontotoc, OK",40123,-0.3,18.15
"Pottawatomie, OK",40125,0.5,16.84
"Pushmataha, OK",40127,0.9,23.2
"Roger Mills, OK",40129,-3.2,12.3
"Rogers, OK",40131,1.2,9.14
"Seminole, OK",40133,3.3,22.4
"Sequoyah, OK",40135,3.9,19.78
"Stephens, OK",40137,-0.3,14.31
"Texas, OK",40139,2.1,12.27
"Tillman, OK",40141,0.8,21.46
"Tulsa, OK",40143,3.6,13.31
"Wagoner, OK",40145,-1.2,10.51
"Washington, OK",40147,4.9,12.44
"Washita, OK",40149,-0.5,15.27
"Woods, OK",40151,0,15.64
"Woodward, OK",40153,-0.5,12.58
OREGON,41000,3.7,12.62
"Baker, OR",41001,5,16.24
"Benton, OR",41003,8.7,13.46
"Clackamas, OR",41005,2.7,8.35
"Clatsop, OR",41007,3.4,13.19
"Columbia, OR",41009,3.4,9.44
"Coos, OR",41011,4.2,16.49
"Crook, OR",41013,4.2,12.98
"Curry, OR",41015,2.6,13.72
"Deschutes, OR",41017,2.2,10.06
"Douglas, OR",41019,3.7,14.41
"Gilliam, OR",41021,2.8,10.75
"Grant, OR",41023,3.7,14.23
"Harney, OR",41025,4.2,15.37
"Hood River, OR",41027,0.6,13.08
"Jackson, OR",41029,2.1,13.73
"Jefferson, OR",41031,3.5,15.67
"Josephine, OR",41033,4.6,16.86
"Klamath, OR",41035,5.9,16.74
"Lake, OR",41037,3.3,16.37
"Lane, OR",41039,5.2,14.56
"Lincoln, OR",41041,2.6,15.57
"Linn, OR",41043,3.8,13.21
"Malheur, OR",41045,4.2,20.07
"Marion, OR",41047,3.9,14.56
"Morrow, OR",41049,3.6,13.81
"Multnomah, OR",41051,4.6,13.74
"Polk, OR",41053,3.6,11.51
"Sherman, OR",41055,3.1,14.73
"Tillamook, OR",41057,3.8,13.34
"Umatilla, OR",41059,2.8,14.77
"Union, OR",41061,4.2,14.25
"Wallowa, OR",41063,3.1,13.31
"Wasco, OR",41065,3.8,14.49
"Washington, OR",41067,3.4,8.69
"Wheeler, OR",41069,9.8,15.35
"Yamhill, OR",41071,3.1,11.49
PENNSYLVANIA,42000,3,11.14
"Adams, PA",42001,1,7.23
"Allegheny, PA",42003,3.9,11.22
"Armstrong, PA",42005,1.7,11.78
"Beaver, PA",42007,2.4,10.48
"Bedford, PA",42009,1.8,11.72
"Berks, PA",42011,4,10.26
"Blair, PA",42013,3,13.04
"Bradford, PA",42015,3.1,12.82
"Bucks, PA",42017,-0.3,5.08
"Butler, PA",42019,1.9,8.14
"Cambria, PA",42021,3.7,13.16
"Cameron, PA",42023,3.5,11.26
"Carbon, PA",42025,2.7,9.77
"Centre, PA",42027,8.3,14.02
"Chester, PA",42029,1.8,5.51
"Clarion, PA",42031,1.8,13.71
"Clearfield, PA",42033,2.3,13.77
"Clinton, PA",42035,4.5,13.51
"Columbia, PA",42037,3.1,12.02
"Crawford, PA",42039,4.3,13.76
"Cumberland, PA",42041,1.6,6.34
"Dauphin, PA",42043,4.4,9.91
"Delaware, PA",42045,1.8,8.86
"Elk, PA",42047,3.6,8.74
"Erie, PA",42049,4.6,13.67
"Fayette, PA",42051,2.2,17.31
"Forest, PA",42053,8.6,17.1
"Franklin, PA",42055,2.2,8.03
"Fulton, PA",42057,2.4,10.38
"Greene, PA",42059,2.4,16.35
"Huntingdon, PA",42061,1.6,12.32
"Indiana, PA",42063,3.8,15.55
"Jefferson, PA",42065,3,12.67
"Juniata, PA",42067,2.5,8.97
"Lackawanna, PA",42069,4.6,11.75
"Lancaster, PA",42071,2.6,8.35
"Lawrence, PA",42073,0.5,12.64
"Lebanon, PA",42075,1.4,8.44
"Lehigh, PA",42077,4.4,9.9
"Luzerne, PA",42079,3.7,11.72
"Lycoming, PA",42081,4.4,12.38
"McKean, PA",42083,4.2,13.95
"Mercer, PA",42085,1.5,12.53
"Mifflin, PA",42087,3.7,13.13
"Monroe, PA",42089,2.5,8.99
"Montgomery, PA",42091,1.1,5.3
"Montour, PA",42093,2.1,9.7
"Northampton, PA",42095,2.1,7.68
"Northumberland, PA",42097,3.9,12.16
"Perry, PA",42099,1.5,8.16
"Philadelphia, PA",42101,6,22.09
"Pike, PA",42103,1,7.79
"Potter, PA",42105,4.5,13.09
"Schuylkill, PA",42107,2.5,11.12
"Snyder, PA",42109,4.7,10.1
"Somerset, PA",42111,2,12.74
"Sullivan, PA",42113,1.2,12.75
"Susquehanna, PA",42115,3,12.09
"Tioga, PA",42117,4.3,13.61
"Union, PA",42119,3.7,11.47
"Venango, PA",42121,5.2,14.15
"Warren, PA",42123,2.5,11.27
"Washington, PA",42125,1.9,9.87
"Wayne, PA",42127,0.4,11.39
"Westmoreland, PA",42129,2,9.3
"Wyoming, PA",42131,3.3,10.51
"York, PA",42133,2.7,7.66
RHODE ISLAND,44000,1.8,11.37
"Bristol, RI",44001,0.7,6.8
"Kent, RI",44003,1.8,7.05
"Newport, RI",44005,1.7,7.66
"Providence, RI",44007,1.8,14.38
"Washington, RI",44009,2,6.67
SOUTH CAROLINA,45000,4.3,14.86
"Abbeville, SC",45001,7.6,16
"Aiken, SC",45003,6.5,14.51
"Allendale, SC",45005,10.9,34.64
"Anderson, SC",45007,6.3,13.48
"Bamberg, SC",45009,9,24.94
"Barnwell, SC",45011,7.5,20.03
"Beaufort, SC",45013,1.7,11.16
"Berkeley, SC",45015,3.9,12.33
"Calhoun, SC",45017,2,16
"Charleston, SC",45019,2.7,15.22
"Cherokee, SC",45021,6.3,16.34
"Chester, SC",45023,5.3,17.29
"Chesterfield, SC",45025,7.2,19.63
"Clarendon, SC",45027,3.8,23.44
"Colleton, SC",45029,2.7,20.82
"Darlington, SC",45031,4.6,19.72
"Dillon, SC",45033,7.5,24.12
"Dorchester, SC",45035,3.2,11.01
"Edgefield, SC",45037,5.8,17.75
"Fairfield, SC",45039,5.2,18.43
"Florence, SC",45041,2.5,17.24
"Georgetown, SC",45043,5.9,16.74
"Greenville, SC",45045,5.5,12.46
"Greenwood, SC",45047,7,15.26
"Hampton, SC",45049,5.4,22.15
"Horry, SC",45051,3.2,14.32
"Jasper, SC",45053,3.1,23.34
"Kershaw, SC",45055,4,12.97
"Lancaster, SC",45057,6.9,15.44
"Laurens, SC",45059,6.5,16.83
"Lee, SC",45061,9,25.6
"Lexington, SC",45063,1.6,10.6
"McCormick, SC",45065,3.5,18.71
"Marion, SC",45067,5.9,23.84
"Marlboro, SC",45069,11.1,23.78
"Newberry, SC",45071,5.4,15.8
"Oconee, SC",45073,9.1,13.17
"Orangeburg, SC",45075,5.2,22.46
"Pickens, SC",45077,7.3,13.59
"Richland, SC",45079,4.1,13.85
"Saluda, SC",45081,2.6,16.8
"Spartanburg, SC",45083,3.8,13.32
"Sumter, SC",45085,3.8,17.62
"Union, SC",45087,9.1,16.38
"Williamsburg, SC",45089,9.1,28.19
"York, SC",45091,3.3,11.32
SOUTH DAKOTA,46000,2.8,12.81
"Aurora, SD",46003,0.3,11.97
"Beadle, SD",46005,3.1,11.93
"Bennett, SD",46007,7.2,32.12
"Bon Homme, SD",46009,4.3,13.84
"Brookings, SD",46011,5.1,12.74
"Brown, SD",46013,1.6,10.16
"Brule, SD",46015,2.8,13.05
"Buffalo, SD",46017,8.3,37.29
"Butte, SD",46019,0.3,13.92
"Campbell, SD",46021,0.3,11.5
"Charles Mix, SD",46023,3.9,23.2
"Clark, SD",46025,0.6,13.03
"Clay, SD",46027,7.1,19.39
"Codington, SD",46029,3.3,10.29
"Corson, SD",46031,7.5,33.77
"Custer, SD",46033,-0.1,10.66
"Davison, SD",46035,2.7,11.41
"Day, SD",46037,1.6,13.96
"Deuel, SD",46039,-0.3,9.39
"Dewey, SD",46041,3.9,27.81
"Douglas, SD",46043,1.6,12.45
"Edmunds, SD",46045,1.6,11.17
"Fall River, SD",46047,4.2,14.94
"Faulk, SD",46049,2.2,12.15
"Grant, SD",46051,2.1,9.79
"Gregory, SD",46053,3,17.89
"Haakon, SD",46055,2.4,11.54
"Hamlin, SD",46057,0.5,10.53
"Hand, SD",46059,1.6,10.23
"Hanson, SD",46061,-1.9,9.16
"Harding, SD",46063,1.9,13.28
"Hughes, SD",46065,2.4,9.66
"Hutchinson, SD",46067,2,11.85
"Hyde, SD",46069,1,12.02
"Jackson, SD",46071,8.9,29.85
"Jerauld, SD",46073,4.3,13.2
"Jones, SD",46075,4.8,13.65
"Kingsbury, SD",46077,2.5,9.59
"Lake, SD",46079,2.9,10.37
"Lawrence, SD",46081,4.4,12.76
"Lincoln, SD",46083,0.1,4.26
"Lyman, SD",46085,3.4,20.75
"McCook, SD",46087,0.9,9.3
"McPherson, SD",46089,5.9,15.05
"Marshall, SD",46091,1.9,12.02
"Meade, SD",46093,3.6,9.99
"Mellette, SD",46095,8,31.51
"Miner, SD",46097,1.7,11.58
"Minnehaha, SD",46099,3.5,9.15
"Moody, SD",46101,0.8,9.33
"Pennington, SD",46103,2.5,13.19
"Perkins, SD",46105,2.5,14.92
"Potter, SD",46107,1.9,10.91
"Roberts, SD",46109,1.8,19.34
"Sanborn, SD",46111,3.1,12.83
"Shannon, SD",46113,13.7,41.66
"Spink, SD",46115,-0.6,12.95
"Stanley, SD",46117,1,8.8
"Sully, SD",46119,2.7,9.02
"Todd, SD",46121,7.3,40.57
"Tripp, SD",46123,3.5,17.77
"Turner, SD",46125,1.3,8.71
"Union, SD",46127,-0.2,6.4
"Walworth, SD",46129,1.7,16.37
"Yankton, SD",46135,2.8,11.48
"Ziebach, SD",46137,20,47.88
TENNESSEE,47000,4.6,14.81
"Anderson, TN",47001,5.1,14.34
"Bedford, TN",47003,5.7,15.06
"Benton, TN",47005,3.7,17.96
"Bledsoe, TN",47007,6.3,21.16
"Blount, TN",47009,1.7,11.25
"Bradley, TN",47011,4.7,13.9
"Campbell, TN",47013,5.8,22.6
"Cannon, TN",47015,2.1,14.39
"Carroll, TN",47017,5.5,17.07
"Carter, TN",47019,8,19.12
"Cheatham, TN",47021,3.1,9.54
"Chester, TN",47023,3.9,15.92
"Claiborne, TN",47025,1.9,20.41
"Clay, TN",47027,4.1,20.76
"Cocke, TN",47029,3.8,21.61
"Coffee, TN",47031,4,14.98
"Crockett, TN",47033,5.1,17.02
"Cumberland, TN",47035,4.4,15.77
"Davidson, TN",47037,5.3,14.74
"Decatur, TN",47039,5.7,17.95
"DeKalb, TN",47041,3.9,17.05
"Dickson, TN",47043,4.4,12.56
"Dyer, TN",47045,6.1,17.22
"Fayette, TN",47047,-0.2,12.72
"Fentress, TN",47049,5.3,23.86
"Franklin, TN",47051,2.7,13.82
"Gibson, TN",47053,4.2,15.72
"Giles, TN",47055,6.4,14.59
"Grainger, TN",47057,3.9,18.03
"Greene, TN",47059,4.6,16.5
"Grundy, TN",47061,4.9,25.04
"Hamblen, TN",47063,2.5,15.18
"Hamilton, TN",47065,6.4,13.78
"Hancock, TN",47067,5.4,30.56
"Hardeman, TN",47069,4.9,21.62
"Hardin, TN",47071,4.7,20.11
"Hawkins, TN",47073,4.7,16.57
"Haywood, TN",47075,4.1,20.1
"Henderson, TN",47077,3.5,14.83
"Henry, TN",47079,6.1,16.3
"Hickman, TN",47081,4,17.13
"Houston, TN",47083,6.1,17.35
"Humphreys, TN",47085,2.4,13.48
"Jackson, TN",47087,4.8,20.04
"Jefferson, TN",47089,6.5,15.71
"Johnson, TN",47091,10.4,23.68
"Knox, TN",47093,3.9,13.28
"Lake, TN",47095,13.5,34.11
"Lauderdale, TN",47097,5.2,21.51
"Lawrence, TN",47099,3.8,15.84
"Lewis, TN",47101,5.5,17.53
"Lincoln, TN",47103,2.7,14.24
"Loudon, TN",47105,5.2,11.29
"McMinn, TN",47107,5,15.73
"McNairy, TN",47109,6.3,18.23
"Macon, TN",47111,5.6,17.61
"Madison, TN",47113,7.7,16.04
"Marion, TN",47115,5.6,15.4
"Marshall, TN",47117,4.6,12.68
"Maury, TN",47119,3.8,12.58
"Meigs, TN",47121,3.5,18.91
"Monroe, TN",47123,5,16.92
"Montgomery, TN",47125,3.7,12.16
"Moore, TN",47127,3.5,11.19
"Morgan, TN",47129,1,19.49
"Obion, TN",47131,3.7,14.36
"Overton, TN",47133,5.3,17.92
"Perry, TN",47135,5.2,17.11
"Pickett, TN",47137,2.3,18.3
"Polk, TN",47139,4.8,15.64
"Putnam, TN",47141,7.5,17.01
"Rhea, TN",47143,7.4,16.95
"Roane, TN",47145,1,14.09
"Robertson, TN",47147,4.3,10.6
"Rutherford, TN",47149,4.2,10.32
"Scott, TN",47151,4.3,22.42
"Sequatchie, TN",47153,2.9,16.35
"Sevier, TN",47155,1.4,13.28
"Shelby, TN",47157,6.6,17.65
"Smith, TN",47159,5.9,13.48
"Stewart, TN",47161,5.3,14.29
"Sullivan, TN",47163,5.8,14.29
"Sumner, TN",47165,2.7,9.56
"Tipton, TN",47167,4,13.51
"Trousdale, TN",47169,3.5,14.66
"Unicoi, TN",47171,6.1,15.24
"Union, TN",47173,5.6,19.25
"Van Buren, TN",47175,5.6,17.71
"Warren, TN",47177,4.2,17.46
"Washington, TN",47179,5,14.68
"Wayne, TN",47181,3.1,20.23
"Weakley, TN",47183,6.7,17.51
"White, TN",47185,3.9,16.85
"Williamson, TN",47187,0.9,5.02
"Wilson, TN",47189,1.5,8.02
TEXAS,48000,2.5,16.1
"Anderson, TX",48001,3.8,21.15
"Andrews, TX",48003,-2.4,14.36
"Angelina, TX",48005,0.7,17.65
"Aransas, TX",48007,-1.4,19.69
"Archer, TX",48009,0.7,9.31
"Armstrong, TX",48011,-2,10.55
"Atascosa, TX",48013,-0.6,19.1
"Austin, TX",48015,0.3,10.98
"Bailey, TX",48017,-1.8,18.58
"Bandera, TX",48019,0.9,13.17
"Bastrop, TX",48021,2.7,12.54
"Baylor, TX",48023,0.6,18.08
"Bee, TX",48025,0.4,27.26
"Bell, TX",48027,2.9,13.41
"Bexar, TX",48029,2,16.79
"Blanco, TX",48031,2.5,10.78
"Borden, TX",48033,1.3,8.85
"Bosque, TX",48035,0.2,15.07
"Bowie, TX",48037,2.8,17.9
"Brazoria, TX",48039,-0.3,10.7
"Brazos, TX",48041,12.2,22.98
"Brewster, TX",48043,-2.4,18.2
"Briscoe, TX",48045,-3.8,16.65
"Brooks, TX",48047,-3,32.44
"Brown, TX",48049,-0.4,18.51
"Burleson, TX",48051,0.4,16.04
"Burnet, TX",48053,1.4,12.18
"Caldwell, TX",48055,1.9,15.74
"Calhoun, TX",48057,-0.2,16.49
"Callahan, TX",48059,-1.1,14.5
"Cameron, TX",48061,3.8,32.75
"Camp, TX",48063,1.6,18.74
"Carson, TX",48065,-0.2,8.77
"Cass, TX",48067,1.6,18.16
"Castro, TX",48069,-0.7,20.74
"Chambers, TX",48071,-1.4,9.95
"Cherokee, TX",48073,3.4,19.41
"Childress, TX",48075,0.9,24.5
"Clay, TX",48077,-1.7,11.06
"Cochran, TX",48079,-3.8,24.09
"Coke, TX",48081,1.3,14.92
"Coleman, TX",48083,5.3,22.03
"Collin, TX",48085,2.8,5.63
"Collingsworth, TX",48087,-2.1,19.62
"Colorado, TX",48089,-0.1,16.01
"Comal, TX",48091,-0.2,9.38
"Comanche, TX",48093,2.5,19.02
"Concho, TX",48095,4.1,24.18
"Cooke, TX",48097,2.4,13.46
"Coryell, TX",48099,2.5,15.19
"Cottle, TX",48101,-1.1,21.2
"Crane, TX",48103,-1.8,11.77
"Crockett, TX",48105,-3.9,15.71
"Crosby, TX",48107,3.2,25.04
"Culberson, TX",48109,-4.9,24.78
"Dallam, TX",48111,-1.5,14.75
"Dallas, TX",48113,6.7,16.02
"Dawson, TX",48115,-2.1,24.33
"Deaf Smith, TX",48117,-1.9,19.54
"Delta, TX",48119,0.4,17.83
"Denton, TX",48121,3,7.32
"DeWitt, TX",48123,-0.5,19.54
"Dickens, TX",48125,1,23.26
"Dimmit, TX",48127,-3.4,31.44
"Donley, TX",48129,0.6,18.37
"Duval, TX",48131,-2,26.89
"Eastland, TX",48133,0.1,19.44
"Ector, TX",48135,-1.5,17.94
"Edwards, TX",48137,-3,24.22
"Ellis, TX",48139,1.5,10.41
"El Paso, TX",48141,-1.6,26.07
"Erath, TX",48143,5.3,16.85
"Falls, TX",48145,-0.6,23.82
"Fannin, TX",48147,2,15.97
"Fayette, TX",48149,0.1,12.11
"Fisher, TX",48151,1.7,16.42
"Floyd, TX",48153,1.7,21.81
"Foard, TX",48155,2.9,17.28
"Fort Bend, TX",48157,0.4,7.83
"Franklin, TX",48159,1.1,14.48
"Freestone, TX",48161,-1.2,15.31
"Frio, TX",48163,0.2,30.5
"Gaines, TX",48165,-4.6,18.97
"Galveston, TX",48167,2.8,12.99
"Garza, TX",48169,0,21.6
"Gillespie, TX",48171,-0.1,10.51
"Glasscock, TX",48173,-0.2,10.32
"Goliad, TX",48175,-0.4,15.35
"Gonzales, TX",48177,-1.3,19.62
"Gray, TX",48179,-0.2,14.88
"Grayson, TX",48181,1.9,13.18
"Gregg, TX",48183,0.1,15.73
"Grimes, TX",48185,0.8,17.27
"Guadalupe, TX",48187,-0.9,11.26
"Hale, TX",48189,-0.9,19.77
"Hall, TX",48191,-1.1,25.01
"Hamilton, TX",48193,-1.4,16.16
"Hansford, TX",48195,-0.6,13.4
"Hardeman, TX",48197,1.6,17.28
"Hardin, TX",48199,-0.5,12.15
"Harris, TX",48201,3.7,15.79
"Harrison, TX",48203,-1,16.42
"Hartley, TX",48205,2.4,10.23
"Haskell, TX",48207,0.6,21.9
"Hays, TX",48209,8.9,13.2
"Hemphill, TX",48211,-2.2,8.89
"Henderson, TX",48213,2.3,16.86
"Hidalgo, TX",48215,3.5,33.98
"Hill, TX",48217,-0.2,16.64
"Hockley, TX",48219,-1.3,17.41
"Hood, TX",48221,1.9,10.86
"Hopkins, TX",48223,3.1,15.71
"Houston, TX",48225,0.5,24.32
"Howard, TX",48227,-2.5,21.21
"Hudspeth, TX",48229,-2.9,30.6
"Hunt, TX",48231,5.9,15.83
"Hutchinson, TX",48233,0.1,12.52
"Irion, TX",48235,0.6,9.91
"Jack, TX",48237,-1.9,14.82
"Jackson, TX",48239,0,14.25
"Jasper, TX",48241,-1.3,18.81
"Jeff Davis, TX",48243,-3,14.1
"Jefferson, TX",48245,2.1,18.28
"Jim Hogg, TX",48247,-3.9,23.62
"Jim Wells, TX",48249,-0.5,22.53
"Johnson, TX",48251,1.2,10.88
"Jones, TX",48253,0,22.73
"Karnes, TX",48255,-0.7,26.45
"Kaufman, TX",48257,0.9,11.33
"Kendall, TX",48259,0.1,8.61
"Kenedy, TX",48261,-3.8,16.14
"Kent, TX",48263,-3.1,11.34
"Kerr, TX",48265,0.3,14.27
"Kimble, TX",48267,-0.3,17.95
"King, TX",48269,3.4,13.26
"Kinney, TX",48271,-2.7,21.14
"Kleberg, TX",48273,-2.3,24.33
"Knox, TX",48275,-1.7,22.46
"Lamar, TX",48277,0.8,17.89
"Lamb, TX",48279,0.2,19.92
"Lampasas, TX",48281,3.4,14.91
"La Salle, TX",48283,-1.2,29.6
"Lavaca, TX",48285,-0.6,13.32
"Lee, TX",48287,-0.9,11.98
"Leon, TX",48289,1.2,15.08
"Liberty, TX",48291,1.8,16.35
"Limestone, TX",48293,0.2,19.13
"Lipscomb, TX",48295,-1.8,13.71
"Live Oak, TX",48297,2,19.42
"Llano, TX",48299,0.9,12.84
"Loving, TX",48301,-7,16.36
"Lubbock, TX",48303,2.9,17.87
"Lynn, TX",48305,-1.2,19.8
"McCulloch, TX",48307,-3.4,21.61
"McLennan, TX",48309,6.7,18.65
"McMullen, TX",48311,0.3,13
"Madison, TX",48313,3.3,22.02
"Marion, TX",48315,1.7,23.45
"Martin, TX",48317,-3.5,17.5
"Mason, TX",48319,-1,15.17
"Matagorda, TX",48321,5.1,19.46
"Maverick, TX",48323,-2.6,30.42
"Medina, TX",48325,1.1,16.3
"Menard, TX",48327,1.4,23.18
"Midland, TX",48329,-1.8,13.93
"Milam, TX",48331,1.8,17.21
"Mills, TX",48333,0.8,17.56
"Mitchell, TX",48335,-3.4,25.04
"Montague, TX",48337,-0.3,14.83
"Montgomery, TX",48339,1.8,10.24
"Moore, TX",48341,-1.9,13.31
"Morris, TX",48343,1.2,17.69
"Motley, TX",48345,1.7,17.55
"Nacogdoches, TX",48347,5.8,21.28
"Navarro, TX",48349,1.1,17.96
"Newton, TX",48351,-0.4,21.4
"Nolan, TX",48353,-3.7,20.73
"Nueces, TX",48355,1,19.43
"Ochiltree, TX",48357,-0.4,12.31
"Oldham, TX",48359,-0.3,14.51
"Orange, TX",48361,1.6,14.53
"Palo Pinto, TX",48363,1.2,16.08
"Panola, TX",48365,-1.8,14.32
"Parker, TX",48367,1.3,9.79
"Parmer, TX",48369,0.7,15.1
"Pecos, TX",48371,-3.3,21.9
"Polk, TX",48373,6.8,17.73
"Potter, TX",48375,3.1,21.98
"Presidio, TX",48377,-7.2,26.49
"Rains, TX",48379,0.4,15.46
"Randall, TX",48381,1.2,8.35
"Reagan, TX",48383,-4.6,11.85
"Real, TX",48385,-0.9,21.57
"Red River, TX",48387,-1.2,19.79
"Reeves, TX",48389,-0.9,28.37
"Refugio, TX",48391,-0.5,16.21
"Roberts, TX",48393,-2.6,7.18
"Robertson, TX",48395,0.1,19.91
"Rockwall, TX",48397,0.9,5.91
"Runnels, TX",48399,-3.1,18.69
"Rusk, TX",48401,0.8,15.34
"Sabine, TX",48403,1.8,17.29
"San Augustine, TX",48405,4.2,22.56
"San Jacinto, TX",48407,2.1,18.92
"San Patricio, TX",48409,-2.3,17.39
"San Saba, TX",48411,1,20.09
"Schleicher, TX",48413,-3.8,15.7
"Scurry, TX",48415,-1.5,17.62
"Shackelford, TX",48417,-1.7,13.07
"Shelby, TX",48419,-0.5,20.29
"Sherman, TX",48421,-0.6,13.87
"Smith, TX",48423,2.9,14.65
"Somervell, TX",48425,-0.9,10.32
"Starr, TX",48427,-3.7,39.02
"Stephens, TX",48429,0.1,19.42
"Sterling, TX",48431,-0.5,13.08
"Stonewall, TX",48433,-1.5,16.99
"Sutton, TX",48435,-4.3,13.58
"Swisher, TX",48437,0.8,20.47
"Tarrant, TX",48439,4.4,12.29
"Taylor, TX",48441,0.1,16.14
"Terrell, TX",48443,-3.4,19.3
"Terry, TX",48445,-1.2,23.25
"Throckmorton, TX",48447,0.5,14.48
"Titus, TX",48449,2.4,16.49
"Tom Green, TX",48451,0.1,16.37
"Travis, TX",48453,6.1,13.62
"Trinity, TX",48455,0.5,19.28
"Tyler, TX",48457,1.2,19.01
"Upshur, TX",48459,-0.4,15.67
"Upton, TX",48461,-1.5,16.3
"Uvalde, TX",48463,6.8,25.07
"Val Verde, TX",48465,0.2,23.55
"Van Zandt, TX",48467,0.4,14.73
"Victoria, TX",48469,-0.1,15.11
"Walker, TX",48471,3.7,22.23
"Waller, TX",48473,3,18
"Ward, TX",48475,-3.1,17.18
"Washington, TX",48477,1.1,14.03
"Webb, TX",48479,3.2,28.55
"Wharton, TX",48481,4.1,15.88
"Wheeler, TX",48483,-3.7,13.81
"Wichita, TX",48485,0.6,15.3
"Wilbarger, TX",48487,1.2,16.7
"Willacy, TX",48489,6,35.1
"Williamson, TX",48491,0.4,6.15
"Wilson, TX",48493,0.8,11.62
"Winkler, TX",48495,-2,15.92
"Wise, TX",48497,0.4,10.36
"Wood, TX",48499,-0.7,15.4
"Yoakum, TX",48501,-4.4,15.32
"Young, TX",48503,-2.1,16.43
"Zapata, TX",48505,-3,30.46
"Zavala, TX",48507,-4.6,37.31
UTAH,49000,2.9,10.06
"Beaver, UT",49001,0.4,10.25
"Box Elder, UT",49003,2.2,8.11
"Cache, UT",49005,7.2,12.29
"Carbon, UT",49007,2.3,14.09
"Daggett, UT",49009,-2.3,7.45
"Davis, UT",49011,1.2,6.48
"Duchesne, UT",49013,-5.4,13.68
"Emery, UT",49015,0.3,11.85
"Garfield, UT",49017,0.2,11.04
"Grand, UT",49019,-0.5,14.97
"Iron, UT",49021,3.2,15.95
"Juab, UT",49023,1,10.46
"Kane, UT",49025,0.2,10.36
"Millard, UT",49027,2,12.71
"Morgan, UT",49029,0.5,4.53
"Piute, UT",49031,1.8,16.18
"Rich, UT",49033,0.2,9.34
"Salt Lake, UT",49035,2.5,9.56
"San Juan, UT",49037,3.7,26.86
"Sanpete, UT",49039,1.2,15.16
"Sevier, UT",49041,0,12.41
"Summit, UT",49043,2,5.74
"Tooele, UT",49045,-0.1,7.35
"Uintah, UT",49047,-3.8,12.1
"Utah, UT",49049,5,11.43
"Wasatch, UT",49051,1.9,6.86
"Washington, UT",49053,2.5,11.12
"Wayne, UT",49055,2.6,13.01
"Weber, UT",49057,3.5,10.37
VERMONT,50000,2.7,9.75
"Addison, VT",50001,2.4,9.26
"Bennington, VT",50003,2.6,10.75
"Caledonia, VT",50005,3,12.57
"Chittenden, VT",50007,4,8.29
"Essex, VT",50009,4.3,13.61
"Franklin, VT",50011,0.9,9.76
"Grand Isle, VT",50013,2.1,7.78
"Lamoille, VT",50015,2.7,10.15
"Orange, VT",50017,2,9.5
"Orleans, VT",50019,-0.4,13.98
"Rutland, VT",50021,3.7,10.8
"Washington, VT",50023,1.4,8.81
"Windham, VT",50025,3.4,10.16
"Windsor, VT",50027,2.3,8.99
VIRGINIA,51000,1.7,9.7
"Accomack, VA",51001,1.2,17.08
"Albemarle, VA",51003,2.7,7.29
"Alleghany, VA",51005,2.8,11.21
"Amelia, VA",51007,2,9.51
"Amherst, VA",51009,3.4,11.72
"Appomattox, VA",51011,3.2,12.39
"Arlington, VA",51013,0.8,6.69
"Augusta, VA",51015,1.9,7.78
"Bath, VA",51017,4.3,8.41
"Bedford, VA",51019,1.1,7.65
"Bland, VA",51021,3.7,12.96
"Botetourt, VA",51023,2.4,6.09
"Brunswick, VA",51025,5.1,19.42
"Buchanan, VA",51027,5,22.84
"Buckingham, VA",51029,4.7,18.47
"Campbell, VA",51031,3.5,11.25
"Caroline, VA",51033,0.1,9.91
"Carroll, VA",51035,4.6,14.27
"Charles City, VA",51036,0.7,10.14
"Charlotte, VA",51037,4.2,16.49
"Chesterfield, VA",51041,1.3,5.85
"Clarke, VA",51043,1.1,6.69
"Craig, VA",51045,1.4,9.62
"Culpeper, VA",51047,0.6,8.79
"Cumberland, VA",51049,2,14.57
"Dickenson, VA",51051,1.2,19.88
"Dinwiddie, VA",51053,1.8,10.27
"Essex, VA",51057,1.1,12.35
"Fairfax, VA",51059,1.5,5.03
"Fauquier, VA",51061,0.5,5.55
"Floyd, VA",51063,4.4,12
"Fluvanna, VA",51065,0.7,6.75
"Franklin, VA",51067,4,11.36
"Frederick, VA",51069,3.1,6.77
"Giles, VA",51071,3.6,11.08
"Gloucester, VA",51073,1.2,8.78
"Goochland, VA",51075,-0.1,6.75
"Grayson, VA",51077,3,15.6
"Greene, VA",51079,1.5,7.62
"Greensville, VA",51081,6.8,19.62
"Halifax, VA",51083,5.2,17.03
"Hanover, VA",51085,0.8,4.66
"Henrico, VA",51087,3.8,7.79
"Henry, VA",51089,5.9,14.12
"Highland, VA",51091,1.9,12.36
"Isle of Wight, VA",51093,1.4,8.67
"James City, VA",51095,1.3,6.32
"King and Queen, VA",51097,1.3,12.17
"King George, VA",51099,0,6.5
"King William, VA",51101,0.6,6.7
"Lancaster, VA",51103,-0.2,13.03
"Lee, VA",51105,3.8,23.04
"Loudoun, VA",51107,0.6,3.11
"Louisa, VA",51109,2.5,10.04
"Lunenburg, VA",51111,6.2,19.11
"Madison, VA",51113,1,9.79
"Mathews, VA",51115,1,8.61
"Mecklenburg, VA",51117,5.4,15.55
"Middlesex, VA",51119,2.3,12.2
"Montgomery, VA",51121,6.5,17
"Nelson, VA",51125,2.4,11.35
"New Kent, VA",51127,0.5,5.43
"Northampton, VA",51131,2,18.99
"Northumberland, VA",51133,1.8,12.65
"Nottoway, VA",51135,3.9,18.25
"Orange, VA",51137,0.6,8.55
"Page, VA",51139,1.9,12.04
"Patrick, VA",51141,5.1,14.7
"Pittsylvania, VA",51143,5.5,12.58
"Powhatan, VA",51145,0.7,5.73
"Prince Edward, VA",51147,3.6,20.54
"Prince George, VA",51149,2.6,8.9
"Prince William, VA",51153,1.2,5.32
"Pulaski, VA",51155,3,13.45
"Rappahannock, VA",51157,1.3,7.72
"Richmond, VA",51159,3.6,16.87
"Roanoke, VA",51161,1.3,5.93
"Rockbridge, VA",51163,2.2,10.13
"Rockingham, VA",51165,2.7,8.56
"Russell, VA",51167,2.4,17.7
"Scott, VA",51169,5.1,16.3
"Shenandoah, VA",51171,2.4,8.78
"Smyth, VA",51173,4.7,15.13
"Southampton, VA",51175,1.9,14.72
"Spotsylvania, VA",51177,2.3,5.9
"Stafford, VA",51179,0.3,4.58
"Surry, VA",51181,0.1,11.21
"Sussex, VA",51183,1.2,18.92
"Tazewell, VA",51185,0.4,16.34
"Warren, VA",51187,1.2,9.24
"Washington, VA",51191,2.5,12.58
"Westmoreland, VA",51193,0.7,13.9
"Wise, VA",51195,0,20.22
"Wythe, VA",51197,2.5,13.11
"York, VA",51199,0.4,4.46
"Alexandria, VA",51510,1.6,7.99
"Bedford, VA",51515,2.6,16.67
"Bristol, VA",51520,4.8,18.07
"Buena Vista, VA",51530,4.2,12.55
"Charlottesville, VA",51540,4.6,19.73
"Chesapeake, VA",51550,-0.4,7.82
"Clifton Forge, VA",51560,0,0
"Colonial Heights, VA",51570,2.3,7.18
"Covington, VA",51580,3.1,13.63
"Danville, VA",51590,8,20.76
"Emporia, VA",51595,4.9,18.03
"Fairfax, VA",51600,2.1,5.39
"Falls Church, VA",51610,0.3,2.95
"Franklin, VA",51620,0.2,17.82
"Fredericksburg, VA",51630,4.5,14.52
"Galax, VA",51640,0.7,19.04
"Hampton, VA",51650,2.6,13.24
"Harrisonburg, VA",51660,5.3,22.93
"Hopewell, VA",51670,5.2,16.23
"Lexington, VA",51678,5.5,18.91
"Lynchburg, VA",51680,5.7,18.25
"Manassas, VA",51683,3.1,7.4
"Manassas Park, VA",51685,1.7,6.33
"Martinsville, VA",51690,8.7,19.65
"Newport News, VA",51700,1.1,13.3
"Norfolk, VA",51710,-0.2,18.83
"Norton, VA",51720,2.3,19.39
"Petersburg, VA",51730,4.4,19.27
"Poquoson, VA",51735,0.7,4.53
"Portsmouth, VA",51740,1,16.2
"Radford, VA",51750,10.5,22.9
"Richmond, VA",51760,5.2,20.72
"Roanoke, VA",51770,5,16.85
"Salem, VA",51775,2.4,8.37
"South Boston, VA",51780,0,0
"Staunton, VA",51790,1.6,13.21
"Suffolk, VA",51800,0.7,11.18
"Virginia Beach, VA",51810,0,7.18
"Waynesboro, VA",51820,2,13.04
"Williamsburg, VA",51830,2.6,19.57
"Winchester, VA",51840,5.3,12.43
WASHINGTON,53000,2.7,11.12
"Adams, WA",53001,2.3,17.38
"Asotin, WA",53003,0.3,15.15
"Benton, WA",53005,1.8,10.76
"Chelan, WA",53007,0.5,12.77
"Clallam, WA",53009,2.2,12.75
"Clark, WA",53011,2.9,10.21
"Columbia, WA",53013,1.9,13.21
"Cowlitz, WA",53015,3.5,14.24
"Douglas, WA",53017,2.9,12.92
"Ferry, WA",53019,-0.3,19.58
"Franklin, WA",53021,0.6,16.9
"Garfield, WA",53023,1.7,13.48
"Grant, WA",53025,3,16.93
"Grays Harbor, WA",53027,4.3,16.1
"Island, WA",53029,0.2,8.02
"Jefferson, WA",53031,3,11.64
"King, WA",53033,2.6,9.05
"Kitsap, WA",53035,0.3,8.86
"Kittitas, WA",53037,6.6,16.89
"Klickitat, WA",53039,3,15.87
"Lewis, WA",53041,1.5,14.16
"Lincoln, WA",53043,1.8,12.52
"Mason, WA",53045,3.7,12.86
"Okanogan, WA",53047,-1.2,19.93
"Pacific, WA",53049,3.1,15.56
"Pend Oreille, WA",53051,1.8,16.86
"Pierce, WA",53053,2.8,10.9
"San Juan, WA",53055,1.2,9.22
"Skagit, WA",53057,0.6,11.72
"Skamania, WA",53059,1,11.74
"Snohomish, WA",53061,2.6,8.45
"Spokane, WA",53063,3.2,13.16
"Stevens, WA",53065,0.8,15.58
"Thurston, WA",53067,2.5,9.57
"Wahkiakum, WA",53069,2.2,10.31
"Walla Walla, WA",53071,4.1,15.96
"Whatcom, WA",53073,4.1,13.5
"Whitman, WA",53075,10.5,20.36
"Yakima, WA",53077,4.6,19.3
WEST VIRGINIA,54000,2.3,16.87
"Barbour, WV",54001,1.4,20.65
"Berkeley, WV",54003,0.2,10.66
"Boone, WV",54005,2.1,19.2
"Braxton, WV",54007,2.9,21.54
"Brooke, WV",54009,3.2,11.88
"Cabell, WV",54011,5.5,18.31
"Calhoun, WV",54013,2.2,22.54
"Clay, WV",54015,0.6,24.42
"Doddridge, WV",54017,3.5,18.92
"Fayette, WV",54019,1,21.56
"Gilmer, WV",54021,1.2,22.44
"Grant, WV",54023,2.5,14.86
"Greenbrier, WV",54025,2.9,17.05
"Hampshire, WV",54027,1.1,14.81
"Hancock, WV",54029,4.9,11.88
"Hardy, WV",54031,1.2,12.96
"Harrison, WV",54033,2.5,17.16
"Jackson, WV",54035,-0.6,15.08
"Jefferson, WV",54037,0.4,9.05
"Kanawha, WV",54039,1.4,14.52
"Lewis, WV",54041,5.4,18.36
"Lincoln, WV",54043,2.9,23.58
"Logan, WV",54045,-0.9,22.24
"McDowell, WV",54047,8.7,35.38
"Marion, WV",54049,2.7,16.29
"Marshall, WV",54051,4.2,15.63
"Mason, WV",54053,4.1,17.98
"Mercer, WV",54055,3.5,20.48
"Mineral, WV",54057,-1.4,14.19
"Mingo, WV",54059,2.5,25.06
"Monongalia, WV",54061,7.7,17.16
"Monroe, WV",54063,0.7,15.75
"Morgan, WV",54065,2.5,11.6
"Nicholas, WV",54067,0.1,19.07
"Ohio, WV",54069,0.7,15.03
"Pendleton, WV",54071,2.6,13.16
"Pleasants, WV",54073,2,12.75
"Pocahontas, WV",54075,5.1,17.14
"Preston, WV",54077,-0.1,16.19
"Putnam, WV",54079,2.2,9.75
"Raleigh, WV",54081,1.7,18.07
"Randolph, WV",54083,3.8,17.69
"Ritchie, WV",54085,4.2,16.84
"Roane, WV",54087,2.5,21.19
"Summers, WV",54089,7.4,25.45
"Taylor, WV",54091,-0.7,17.87
"Tucker, WV",54093,4.9,15.76
"Tyler, WV",54095,2.8,16.36
"Upshur, WV",54097,-0.5,19.86
"Wayne, WV",54099,3.9,18.82
"Webster, WV",54101,5.9,27.09
"Wetzel, WV",54103,2.8,17.16
"Wirt, WV",54105,2.4,18.35
"Wood, WV",54107,3.3,15.34
"Wyoming, WV",54109,1.3,23.03
WISCONSIN,55000,4.3,9.94
"Adams, WI",55001,2.6,13.17
"Ashland, WI",55003,5.5,14.47
"Barron, WI",55005,3.5,10.65
"Bayfield, WI",55007,2.3,11.31
"Brown, WI",55009,4.2,8.79
"Buffalo, WI",55011,2,8.92
"Burnett, WI",55013,5.1,11.86
"Calumet, WI",55015,1.4,4.93
"Chippewa, WI",55017,3.4,9.77
"Clark, WI",55019,2.1,11.67
"Columbia, WI",55021,3.4,6.87
"Crawford, WI",55023,5.3,11.71
"Dane, WI",55025,6.2,9.49
"Dodge, WI",55027,3.1,7.29
"Door, WI",55029,1,7.52
"Douglas, WI",55031,3.3,12.25
"Dunn, WI",55033,5.3,11.76
"Eau Claire, WI",55035,6.9,11.31
"Florence, WI",55037,5,10.55
"Fond du Lac, WI",55039,3.4,7.58
"Forest, WI",55041,4.5,13.14
"Grant, WI",55043,4.7,10.99
"Green, WI",55045,3.4,7.38
"Green Lake, WI",55047,3.6,8.53
"Iowa, WI",55049,0.9,7.71
"Iron, WI",55051,4.1,11.88
"Jackson, WI",55053,2.7,11.36
"Jefferson, WI",55055,5.2,7
"Juneau, WI",55057,3.1,11.36
"Kenosha, WI",55059,4.7,9.92
"Kewaunee, WI",55061,2,6.56
"La Crosse, WI",55063,4.1,11.15
"Lafayette, WI",55065,4.1,9.28
"Langlade, WI",55067,3.2,11.45
"Lincoln, WI",55069,3.7,8.41
"Manitowoc, WI",55071,3.3,7.62
"Marathon, WI",55073,3.5,7.75
"Marinette, WI",55075,4.8,10.44
"Marquette, WI",55077,4.5,10
"Menominee, WI",55078,7.6,25.77
"Milwaukee, WI",55079,6.6,17.2
"Monroe, WI",55081,1.8,11.48
"Oconto, WI",55083,3.2,8.63
"Oneida, WI",55085,3.1,8.85
"Outagamie, WI",55087,4.1,6.39
"Ozaukee, WI",55089,2.1,3.87
"Pepin, WI",55091,3.1,9.58
"Pierce, WI",55093,4.1,7.19
"Polk, WI",55095,2.8,8.07
"Portage, WI",55097,4.4,10.17
"Price, WI",55099,5.6,10.48
"Racine, WI",55101,4.1,9.89
"Richland, WI",55103,1.5,11.14
"Rock, WI",55105,4.7,9.84
"Rusk, WI",55107,4.9,13.35
"St. Croix, WI",55109,2.4,4.72
"Sauk, WI",55111,1.6,8.15
"Sawyer, WI",55113,5.6,13.77
"Shawano, WI",55115,2.7,9.62
"Sheboygan, WI",55117,3.6,6.93
"Taylor, WI",55119,3.1,10.29
"Trempealeau, WI",55121,3.7,9.11
"Vernon, WI",55123,3.3,13.33
"Vilas, WI",55125,2.9,9.63
"Walworth, WI",55127,6.2,9.23
"Washburn, WI",55129,4.6,11.64
"Washington, WI",55131,1.9,4.82
"Waukesha, WI",55133,1.7,3.98
"Waupaca, WI",55135,4,8.46
"Waushara, WI",55137,4,11.37
"Winnebago, WI",55139,5.9,8.37
"Wood, WI",55141,1.8,8.18
WYOMING,56000,-0.2,10.27
"Albany, WY",56001,5.5,15.61
"Big Horn, WY",56003,-3.5,12.48
"Campbell, WY",56005,-0.1,6.68
"Carbon, WY",56007,0.1,11.7
"Converse, WY",56009,-1.4,9.73
"Crook, WY",56011,-0.3,8.24
"Fremont, WY",56013,-1.1,14.34
"Goshen, WY",56015,-0.6,14.84
"Hot Springs, WY",56017,-0.2,12.1
"Johnson, WY",56019,-1.6,9.35
"Laramie, WY",56021,1,9.61
"Lincoln, WY",56023,-1,8.47
"Natrona, WY",56025,-1.6,10.74
"Niobrara, WY",56027,-0.3,13.71
"Park, WY",56029,-0.7,10.89
"Platte, WY",56031,0.3,11.93
"Sheridan, WY",56033,-1.3,10.18
"Sublette, WY",56035,-2.9,6.78
"Sweetwater, WY",56037,-0.4,7.54
"Teton, WY",56039,1.2,5.25
"Uinta, WY",56041,-0.9,9.81
"Washakie, WY",56043,0.4,11.13
"Weston, WY",56045,-0.3,9.85