Areaname,FIPS,"<18y No Ins, 2005-2007 (%)","18-64y No Ins, 2005-2007 (%)"
ALABAMA,1000,8.1,18.1
"Autauga, AL",1001,8.6,16.2
"Baldwin, AL",1003,11.5,23
"Barbour, AL",1005,7.7,17.9
"Bibb, AL",1007,8.3,19.7
"Blount, AL",1009,11.8,22.7
"Bullock, AL",1011,7.7,20.7
"Butler, AL",1013,6.9,17.5
"Calhoun, AL",1015,6.4,16
"Chambers, AL",1017,6.5,15.6
"Cherokee, AL",1019,9.5,20
"Chilton, AL",1021,10.7,19.9
"Choctaw, AL",1023,8.8,19.4
"Clarke, AL",1025,8.2,17.6
"Clay, AL",1027,9.7,20
"Cleburne, AL",1029,9.7,19.2
"Coffee, AL",1031,9.7,19.4
"Colbert, AL",1033,7.6,17
"Conecuh, AL",1035,7.6,17.5
"Coosa, AL",1037,9.3,19.7
"Covington, AL",1039,7.7,18.6
"Crenshaw, AL",1041,9.4,21
"Cullman, AL",1043,9.5,21
"Dale, AL",1045,9.1,17.7
"Dallas, AL",1047,5.2,13.5
"DeKalb, AL",1049,10.6,23.6
"Elmore, AL",1051,10.2,17
"Escambia, AL",1053,7,19.4
"Etowah, AL",1055,8.1,17.7
"Fayette, AL",1057,7.2,16.7
"Franklin, AL",1059,10.2,22.2
"Geneva, AL",1061,9,20
"Greene, AL",1063,6.6,17.5
"Hale, AL",1065,6.9,17.5
"Henry, AL",1067,10.9,21.2
"Houston, AL",1069,7.7,17
"Jackson, AL",1071,7.8,17.7
"Jefferson, AL",1073,6.6,15.3
"Lamar, AL",1075,8.8,19.4
"Lauderdale, AL",1077,7.4,20.4
"Lawrence, AL",1079,8.3,18.5
"Lee, AL",1081,9.2,26.7
"Limestone, AL",1083,9.5,18.8
"Lowndes, AL",1085,9.1,18.9
"Macon, AL",1087,5.9,16.9
"Madison, AL",1089,10,18
"Marengo, AL",1091,7.7,16.6
"Marion, AL",1093,8.5,19.1
"Marshall, AL",1095,9.9,21.4
"Mobile, AL",1097,7.1,18.9
"Monroe, AL",1099,7.6,16.9
"Montgomery, AL",1101,6.2,15.6
"Morgan, AL",1103,8.6,19.1
"Perry, AL",1105,7.3,16.7
"Pickens, AL",1107,10.7,19.4
"Pike, AL",1109,7.2,20.1
"Randolph, AL",1111,8.5,18.9
"Russell, AL",1113,7.1,17.8
"St. Clair, AL",1115,9.3,18.9
"Shelby, AL",1117,9.2,14.5
"Sumter, AL",1119,7.2,19
"Talladega, AL",1121,6.1,13.9
"Tallapoosa, AL",1123,7.2,15.7
"Tuscaloosa, AL",1125,7.1,19.1
"Walker, AL",1127,7.1,15.7
"Washington, AL",1129,10.4,19.9
"Wilcox, AL",1131,9.4,18.4
"Winston, AL",1133,7.3,16.4
ALASKA,2000,11.7,22
"Aleutians East, AK",2013,10,39.5
"Aleutians West, AK",2016,14.3,31.1
"Anchorage, AK",2020,10.1,20
"Bethel, AK",2050,12.2,17.3
"Bristol Bay, AK",2060,14.6,25.7
"Denali, AK",2068,9.4,24.9
"Dillingham, AK",2070,15,21.7
"Fairbanks North Star, AK",2090,12,21.6
"Haines, AK",2100,12.7,27.5
"Hoonah-Angoon, AK",2105,16.5,27.3
"Juneau, AK",2110,9,16.4
"Kenai Peninsula, AK",2122,14.9,25.9
"Ketchikan Gateway, AK",2130,11.3,19.5
"Kodiak Island, AK",2150,11.6,27.6
"Lake and Peninsula, AK",2164,15.4,30.6
"Matanuska-Susitna, AK",2170,13.9,25.6
"Nome, AK",2180,11.9,18.7
"North Slope, AK",2185,10.8,18.6
"Northwest Arctic, AK",2188,9.8,15.8
"Petersburg, AK",2195,11.5,25.8
"Prince of Wales-Hyder, AK",2198,16.4,24.8
"Sitka, AK",2220,10.5,22.1
"Skagway, AK",2230,0,0
"Southeast Fairbanks, AK",2240,19.9,32.4
"Valdez-Cordova, AK",2261,13.6,27.4
"Wade Hampton, AK",2270,13.1,17.9
"Wrangell, AK",2275,0,0
"Yakutat, AK",2282,16.1,27.2
"Yukon-Koyukuk, AK",2290,15.1,26.8
ARIZONA,4000,14.9,23.9
"Apache, AZ",4001,10.4,12.3
"Cochise, AZ",4003,14.5,21
"Coconino, AZ",4005,15.1,22.5
"Gila, AZ",4007,13.5,17.5
"Graham, AZ",4009,14.1,18.7
"Greenlee, AZ",4011,10.4,15.5
"La Paz, AZ",4012,17.9,23.1
"Maricopa, AZ",4013,15,24.8
"Mohave, AZ",4015,14.5,23.4
"Navajo, AZ",4017,13.4,16.7
"Pima, AZ",4019,14.4,22.8
"Pinal, AZ",4021,14.2,22.7
"Santa Cruz, AZ",4023,16.8,28.7
"Yavapai, AZ",4025,17.8,26.5
"Yuma, AZ",4027,16.4,25.3
ARKANSAS,5000,11.2,23.6
"Arkansas, AR",5001,9.1,21.4
"Ashley, AR",5003,10.2,20.4
"Baxter, AR",5005,12.9,26.4
"Benton, AR",5007,12.9,25.1
"Boone, AR",5009,11,23.4
"Bradley, AR",5011,13.6,29.2
"Calhoun, AR",5013,13.8,27
"Carroll, AR",5015,21.7,38.7
"Chicot, AR",5017,8.9,21.6
"Clark, AR",5019,12,27.4
"Clay, AR",5021,8.2,21.1
"Cleburne, AR",5023,12.8,28.5
"Cleveland, AR",5025,14.6,26.1
"Columbia, AR",5027,9.6,21.1
"Conway, AR",5029,10.7,21.4
"Craighead, AR",5031,11.1,24.4
"Crawford, AR",5033,10.7,21.8
"Crittenden, AR",5035,7.6,19.9
"Cross, AR",5037,11.4,24.4
"Dallas, AR",5039,9.3,21.6
"Desha, AR",5041,9.3,23.3
"Drew, AR",5043,9.8,23.5
"Faulkner, AR",5045,10.6,24.9
"Franklin, AR",5047,10.4,22.2
"Fulton, AR",5049,12.2,27.5
"Garland, AR",5051,10.5,26.2
"Grant, AR",5053,12.9,25.2
"Greene, AR",5055,10.1,20.5
"Hempstead, AR",5057,12.9,28.6
"Hot Spring, AR",5059,10.3,22.2
"Howard, AR",5061,13.4,26.6
"Independence, AR",5063,10.3,20.4
"Izard, AR",5065,13.2,26.7
"Jackson, AR",5067,7.9,19.5
"Jefferson, AR",5069,8.3,19
"Johnson, AR",5071,12.9,28.2
"Lafayette, AR",5073,11.7,26.7
"Lawrence, AR",5075,7.7,19.9
"Lee, AR",5077,7.1,18.8
"Lincoln, AR",5079,12,24.3
"Little River, AR",5081,10.2,22.3
"Logan, AR",5083,9.8,20.8
"Lonoke, AR",5085,11,22.2
"Madison, AR",5087,15.5,30.6
"Marion, AR",5089,13.1,25.3
"Miller, AR",5091,10.5,21.5
"Mississippi, AR",5093,7.4,17.4
"Monroe, AR",5095,8.9,21.7
"Montgomery, AR",5097,15.5,32.4
"Nevada, AR",5099,9.2,20.1
"Newton, AR",5101,12.9,28.1
"Ouachita, AR",5103,8.4,19.4
"Perry, AR",5105,14.1,26
"Phillips, AR",5107,6.4,16.7
"Pike, AR",5109,15.1,32.8
"Poinsett, AR",5111,8,20.2
"Polk, AR",5113,11.8,28.6
"Pope, AR",5115,10.4,22.3
"Prairie, AR",5117,13,28.6
"Pulaski, AR",5119,9.3,19.9
"Randolph, AR",5121,8.5,22.5
"St. Francis, AR",5123,10.6,19.7
"Saline, AR",5125,10.8,19.3
"Scott, AR",5127,11.4,26.7
"Searcy, AR",5129,10.8,26.2
"Sebastian, AR",5131,13.4,23.1
"Sevier, AR",5133,17.5,35.4
"Sharp, AR",5135,10,25.2
"Stone, AR",5137,14,31.3
"Union, AR",5139,9.4,19.7
"Van Buren, AR",5141,14.2,28.6
"Washington, AR",5143,15,30.7
"White, AR",5145,10.9,23.5
"Woodruff, AR",5147,10.9,24.8
"Yell, AR",5149,16.4,32.8
CALIFORNIA,6000,12.7,24
"Alameda, CA",6001,8.9,17.8
"Alpine, CA",6003,17.3,25
"Amador, CA",6005,11.3,16.9
"Butte, CA",6007,9.8,20.1
"Calaveras, CA",6009,14.2,19.7
"Colusa, CA",6011,17.9,29.1
"Contra Costa, CA",6013,10.3,18.1
"Del Norte, CA",6015,8.8,18.5
"El Dorado, CA",6017,13.1,18.1
"Fresno, CA",6019,10.1,22.7
"Glenn, CA",6021,15.2,26.3
"Humboldt, CA",6023,10,21.2
"Imperial, CA",6025,11.9,24.5
"Inyo, CA",6027,13.5,23.5
"Kern, CA",6029,10.7,20.7
"Kings, CA",6031,13.1,23.8
"Lake, CA",6033,10.9,19.2
"Lassen, CA",6035,9.3,16.7
"Los Angeles, CA",6037,11.3,28.4
"Madera, CA",6039,15.3,28.6
"Marin, CA",6041,11.5,18
"Mariposa, CA",6043,12.9,20.7
"Mendocino, CA",6045,13,23.7
"Merced, CA",6047,10.6,20.6
"Modoc, CA",6049,12.1,22.8
"Mono, CA",6051,22.4,30.3
"Monterey, CA",6053,15.3,29.4
"Napa, CA",6055,16.2,22.6
"Nevada, CA",6057,16.2,20.4
"Orange, CA",6059,14.7,24.6
"Placer, CA",6061,9.6,15.1
"Plumas, CA",6063,13.8,20.5
"Riverside, CA",6065,19.8,30.3
"Sacramento, CA",6067,9,19.5
"San Benito, CA",6069,12.4,20.9
"San Bernardino, CA",6071,16.3,26.7
"San Diego, CA",6073,16.4,23.6
"San Francisco, CA",6075,9.8,19.8
"San Joaquin, CA",6077,10.7,19.7
"San Luis Obispo, CA",6079,11.6,24
"San Mateo, CA",6081,12.9,17.6
"Santa Barbara, CA",6083,16.4,29
"Santa Clara, CA",6085,9.3,18.3
"Santa Cruz, CA",6087,12.8,24.5
"Shasta, CA",6089,9.6,17.2
"Sierra, CA",6091,16.4,24.8
"Siskiyou, CA",6093,11.2,20.8
"Solano, CA",6095,9.7,18.9
"Sonoma, CA",6097,14.1,21.4
"Stanislaus, CA",6099,10.3,20.3
"Sutter, CA",6101,13.4,23.6
"Tehama, CA",6103,11.3,22.6
"Trinity, CA",6105,13,21.7
"Tulare, CA",6107,11,22.1
"Tuolumne, CA",6109,10.8,17.6
"Ventura, CA",6111,12.2,18.5
"Yolo, CA",6113,11.3,24.4
"Yuba, CA",6115,10,20.6
COLORADO,8000,12.8,20.2
"Adams, CO",8001,12,18.7
"Alamosa, CO",8003,17.7,21
"Arapahoe, CO",8005,11.5,19.3
"Archuleta, CO",8007,16.3,26.8
"Baca, CO",8009,22.1,26.4
"Bent, CO",8011,15.7,20.1
"Boulder, CO",8013,13.6,23.4
"Broomfield, CO",8014,8.2,14.4
"Chaffee, CO",8015,13.6,24.1
"Cheyenne, CO",8017,17.8,29.3
"Clear Creek, CO",8019,11.5,19.2
"Conejos, CO",8021,20.9,22.3
"Costilla, CO",8023,25.2,23.9
"Crowley, CO",8025,16.2,15.9
"Custer, CO",8027,28.4,32.4
"Delta, CO",8029,16.2,26
"Denver, CO",8031,17.8,21.6
"Dolores, CO",8033,19.6,28.7
"Douglas, CO",8035,8,11.6
"Eagle, CO",8037,19.9,28.5
"Elbert, CO",8039,12.9,19.9
"El Paso, CO",8041,12.5,19.9
"Fremont, CO",8043,12.2,16.3
"Garfield, CO",8045,15.6,26.8
"Gilpin, CO",8047,8.4,13.4
"Grand, CO",8049,15.1,27.7
"Gunnison, CO",8051,14.3,32.8
"Hinsdale, CO",8053,21.4,33.4
"Huerfano, CO",8055,17.2,16.2
"Jackson, CO",8057,22.9,29.8
"Jefferson, CO",8059,9.8,16.7
"Kiowa, CO",8061,19.9,26.3
"Kit Carson, CO",8063,20.3,28.2
"Lake, CO",8065,16.1,31.9
"La Plata, CO",8067,16.1,26.3
"Larimer, CO",8069,9.6,20.8
"Las Animas, CO",8071,17.4,20.8
"Lincoln, CO",8073,16.2,25.6
"Logan, CO",8075,13.7,21.9
"Mesa, CO",8077,12.3,20.1
"Mineral, CO",8079,19.4,34.2
"Moffat, CO",8081,11.4,22.9
"Montezuma, CO",8083,18.6,22.3
"Montrose, CO",8085,16.7,27.3
"Morgan, CO",8087,16.7,26.5
"Otero, CO",8089,16.4,19.5
"Ouray, CO",8091,20.7,31.9
"Park, CO",8093,18.1,21.3
"Phillips, CO",8095,24.9,35.7
"Pitkin, CO",8097,12.7,24.8
"Prowers, CO",8099,18.1,25.9
"Pueblo, CO",8101,9.8,16.1
"Rio Blanco, CO",8103,15.3,26.3
"Rio Grande, CO",8105,17.2,22
"Routt, CO",8107,7.5,24
"Saguache, CO",8109,28.9,37.9
"San Juan, CO",8111,23.4,36.1
"San Miguel, CO",8113,18.5,33.4
"Sedgwick, CO",8115,26.6,30.8
"Summit, CO",8117,13,29.2
"Teller, CO",8119,8.9,18.3
"Washington, CO",8121,19.3,32.5
"Weld, CO",8123,14.9,23.4
"Yuma, CO",8125,18.7,30.3
CONNECTICUT,9000,6.8,13.2
"Fairfield, CT",9001,6.6,14.3
"Hartford, CT",9003,7.7,13
"Litchfield, CT",9005,7.1,11.8
"Middlesex, CT",9007,6.3,11.6
"New Haven, CT",9009,5.8,13.7
"New London, CT",9011,7.4,11.6
"Tolland, CT",9013,7.2,13
"Windham, CT",9015,5.6,12.6
DELAWARE,10000,8.7,14.8
"Kent, DE",10001,9.7,15.1
"New Castle, DE",10003,7.5,12.8
"Sussex, DE",10005,11.9,20.8
DISTRICT OF COLUMBIA,11000,7.4,14.7
District of Columbia,11001,7.4,14.7
FLORIDA,12000,17.3,27
"Alachua, FL",12001,14.7,30.2
"Baker, FL",12003,11.7,18.2
"Bay, FL",12005,13.6,23
"Bradford, FL",12007,13.3,20.9
"Brevard, FL",12009,12.7,22.6
"Broward, FL",12011,18.5,29.9
"Calhoun, FL",12013,14.4,24.3
"Charlotte, FL",12015,19.2,27.3
"Citrus, FL",12017,16.7,25.5
"Clay, FL",12019,16.7,21.5
"Collier, FL",12021,25.4,35.9
"Columbia, FL",12023,15.1,22
"DeSoto, FL",12027,23.3,42.8
"Dixie, FL",12029,12.9,20.9
"Duval, FL",12031,12.8,21.6
"Escambia, FL",12033,12.1,22.8
"Flagler, FL",12035,20.8,26
"Franklin, FL",12037,18.9,30.3
"Gadsden, FL",12039,15.2,22.6
"Gilchrist, FL",12041,20.4,28.2
"Glades, FL",12043,25.4,34.2
"Gulf, FL",12045,13.8,22.6
"Hamilton, FL",12047,12.9,22.7
"Hardee, FL",12049,20.7,37
"Hendry, FL",12051,21.5,40
"Hernando, FL",12053,15.2,22.4
"Highlands, FL",12055,18.9,32
"Hillsborough, FL",12057,14.7,22.8
"Holmes, FL",12059,11.5,21.6
"Indian River, FL",12061,18.3,27.4
"Jackson, FL",12063,13.3,21.1
"Jefferson, FL",12065,17.4,24.3
"Lafayette, FL",12067,29,38.4
"Lake, FL",12069,17.6,26.8
"Lee, FL",12071,23.3,30.7
"Leon, FL",12073,11.9,26.7
"Levy, FL",12075,19.6,29
"Liberty, FL",12077,18.9,25.6
"Madison, FL",12079,12.6,23.2
"Manatee, FL",12081,19.3,27.4
"Marion, FL",12083,20.9,28.1
"Martin, FL",12085,20.4,29.2
"Miami-Dade, FL",12086,19.3,34.2
"Monroe, FL",12087,23,33.3
"Nassau, FL",12089,17.6,22.1
"Okaloosa, FL",12091,18.2,24.9
"Okeechobee, FL",12093,21,35.1
"Orange, FL",12095,15.2,25.3
"Osceola, FL",12097,19.3,27.3
"Palm Beach, FL",12099,20.8,28.7
"Pasco, FL",12101,17.8,23.5
"Pinellas, FL",12103,12.2,21.5
"Polk, FL",12105,17.3,25.5
"Putnam, FL",12107,12.7,26.3
"St. Johns, FL",12109,16.2,20.9
"St. Lucie, FL",12111,18.4,28.1
"Santa Rosa, FL",12113,14.9,21
"Sarasota, FL",12115,21.7,27.6
"Seminole, FL",12117,16.4,22.2
"Sumter, FL",12119,21.3,24.6
"Suwannee, FL",12121,16.6,28.7
"Taylor, FL",12123,11.7,20.9
"Union, FL",12125,12.6,20.5
"Volusia, FL",12127,16.3,23.7
"Wakulla, FL",12129,18.9,24.3
"Walton, FL",12131,23.4,28.1
"Washington, FL",12133,14.4,22.8
GEORGIA,13000,12.1,22.2
"Appling, GA",13001,12.2,24.4
"Atkinson, GA",13003,17.3,32.6
"Bacon, GA",13005,11.9,22.2
"Baker, GA",13007,13.6,24
"Baldwin, GA",13009,8.5,18.4
"Banks, GA",13011,15.3,22.8
"Barrow, GA",13013,15.2,20.8
"Bartow, GA",13015,12.6,19.2
"Ben Hill, GA",13017,9.8,20.7
"Berrien, GA",13019,10.2,19.4
"Bibb, GA",13021,7.4,16.9
"Bleckley, GA",13023,9.9,17.9
"Brantley, GA",13025,14.2,25
"Brooks, GA",13027,11.2,22
"Bryan, GA",13029,12.6,18.8
"Bulloch, GA",13031,11.9,30.1
"Burke, GA",13033,11.4,19.2
"Butts, GA",13035,11.3,19
"Calhoun, GA",13037,11.5,20.1
"Camden, GA",13039,12.8,22.1
"Candler, GA",13043,15,28.2
"Carroll, GA",13045,10.1,23.2
"Catoosa, GA",13047,9.1,17
"Charlton, GA",13049,8.8,18.6
"Chatham, GA",13051,10.3,22.7
"Chattahoochee, GA",13053,14.8,26.1
"Chattooga, GA",13055,9.3,18.3
"Cherokee, GA",13057,14.1,21
"Clarke, GA",13059,15.1,37.8
"Clay, GA",13061,9.6,20
"Clayton, GA",13063,10.9,20.6
"Clinch, GA",13065,7.8,17
"Cobb, GA",13067,12,22.7
"Coffee, GA",13069,13.2,23
"Colquitt, GA",13071,13.7,27.7
"Columbia, GA",13073,11.9,18.5
"Cook, GA",13075,11.5,22.7
"Coweta, GA",13077,12.5,19.5
"Crawford, GA",13079,13.8,23.2
"Crisp, GA",13081,8.6,19.8
"Dade, GA",13083,10.2,19
"Dawson, GA",13085,19.4,26.5
"Decatur, GA",13087,9.7,21
"DeKalb, GA",13089,11.1,21.2
"Dodge, GA",13091,10.2,20.7
"Dooly, GA",13093,10.1,20.3
"Dougherty, GA",13095,6.8,19.7
"Douglas, GA",13097,13.8,21.5
"Early, GA",13099,8.8,18.2
"Echols, GA",13101,23.6,42.7
"Effingham, GA",13103,11.8,20.3
"Elbert, GA",13105,12.6,23
"Emanuel, GA",13107,12.5,25.9
"Evans, GA",13109,14.8,28.4
"Fannin, GA",13111,16.6,26.9
"Fayette, GA",13113,12.2,16.8
"Floyd, GA",13115,10.9,21.4
"Forsyth, GA",13117,14.7,21
"Franklin, GA",13119,11.9,20.8
"Fulton, GA",13121,9.4,20.8
"Gilmer, GA",13123,17.6,29.2
"Glascock, GA",13125,11.3,19.9
"Glynn, GA",13127,13.6,22.4
"Gordon, GA",13129,14.8,25.2
"Grady, GA",13131,15.2,30.2
"Greene, GA",13133,15.1,25.2
"Gwinnett, GA",13135,14.4,27.8
"Habersham, GA",13137,18.7,28.9
"Hall, GA",13139,18.6,30.5
"Hancock, GA",13141,8.6,19.5
"Haralson, GA",13143,10.1,19.5
"Harris, GA",13145,16.1,21.1
"Hart, GA",13147,12.3,21
"Heard, GA",13149,12.8,21
"Henry, GA",13151,11.7,16.8
"Houston, GA",13153,13.8,20.1
"Irwin, GA",13155,13.4,20.8
"Jackson, GA",13157,14.1,22.8
"Jasper, GA",13159,14.6,22.7
"Jeff Davis, GA",13161,12.4,25.1
"Jefferson, GA",13163,9.3,19.6
"Jenkins, GA",13165,8.2,17.8
"Johnson, GA",13167,12.6,21.9
"Jones, GA",13169,11.8,21.2
"Lamar, GA",13171,9,18.3
"Lanier, GA",13173,10.7,20.9
"Laurens, GA",13175,9.4,18.8
"Lee, GA",13177,10.1,16.3
"Liberty, GA",13179,17.1,28.4
"Lincoln, GA",13181,15.7,28.9
"Long, GA",13183,19.6,31.8
"Lowndes, GA",13185,10.8,24.1
"Lumpkin, GA",13187,17.4,26.6
"McDuffie, GA",13189,9,18.8
"McIntosh, GA",13191,12.8,23.3
"Macon, GA",13193,10,19.9
"Madison, GA",13195,15.9,28.7
"Marion, GA",13197,15.4,30.5
"Meriwether, GA",13199,9.9,19.5
"Miller, GA",13201,13.4,24.7
"Mitchell, GA",13205,9,19.9
"Monroe, GA",13207,12.2,19.4
"Montgomery, GA",13209,17.9,26.9
"Morgan, GA",13211,13.6,22.6
"Murray, GA",13213,12,20.6
"Muscogee, GA",13215,8.8,18
"Newton, GA",13217,13.2,19.3
"Oconee, GA",13219,14,20
"Oglethorpe, GA",13221,18,26.8
"Paulding, GA",13223,13.3,17.6
"Peach, GA",13225,11.8,23.4
"Pickens, GA",13227,14.3,21.8
"Pierce, GA",13229,13.1,22.4
"Pike, GA",13231,17,25.1
"Polk, GA",13233,12.6,24.2
"Pulaski, GA",13235,12.7,23.5
"Putnam, GA",13237,15.1,25.1
"Quitman, GA",13239,9.9,21.7
"Rabun, GA",13241,22.6,31.2
"Randolph, GA",13243,8.3,18.8
"Richmond, GA",13245,9.3,20.8
"Rockdale, GA",13247,13.1,23.2
"Schley, GA",13249,12.5,22.3
"Screven, GA",13251,9.8,20.5
"Seminole, GA",13253,10.8,21.1
"Spalding, GA",13255,9.5,19.5
"Stephens, GA",13257,10.2,19.6
"Stewart, GA",13259,11.3,22.1
"Sumter, GA",13261,9.1,19.4
"Talbot, GA",13263,14.2,22.2
"Taliaferro, GA",13265,11.4,23.5
"Tattnall, GA",13267,17,29.2
"Taylor, GA",13269,12.8,22.3
"Telfair, GA",13271,7.8,15.9
"Terrell, GA",13273,8.5,18.8
"Thomas, GA",13275,9.5,18.4
"Tift, GA",13277,13.7,26.3
"Toombs, GA",13279,12.8,26.1
"Towns, GA",13281,19.5,28.4
"Treutlen, GA",13283,9.2,20.2
"Troup, GA",13285,8.6,18
"Turner, GA",13287,10.3,22.7
"Twiggs, GA",13289,11.8,21
"Union, GA",13291,18.2,27.3
"Upson, GA",13293,8.3,18.2
"Walker, GA",13295,8.3,16.7
"Walton, GA",13297,11.3,19.2
"Ware, GA",13299,11,19.9
"Warren, GA",13301,10.4,20.3
"Washington, GA",13303,9,19.1
"Wayne, GA",13305,10,19.6
"Webster, GA",13307,13.8,25.7
"Wheeler, GA",13309,14.9,27
"White, GA",13311,18.9,27.2
"Whitfield, GA",13313,16.9,26
"Wilcox, GA",13315,12,21
"Wilkes, GA",13317,10.1,20.2
"Wilkinson, GA",13319,13.8,22.2
"Worth, GA",13321,9.8,20.1
HAWAII,15000,5.4,11
"Hawaii, HI",15001,6.9,12.9
"Honolulu, HI",15003,5.1,10
"Kalawao, HI",15005,0,0
"Kauai, HI",15007,7.2,14.1
"Maui, HI",15009,5.2,13.1
IDAHO,16000,10.8,19.8
"Ada, ID",16001,9.3,15.5
"Adams, ID",16003,15.8,29
"Bannock, ID",16005,7.5,15.4
"Bear Lake, ID",16007,10,18
"Benewah, ID",16009,8.4,17.9
"Bingham, ID",16011,11.6,21.3
"Blaine, ID",16013,20.4,26.9
"Boise, ID",16015,17.5,24.9
"Bonner, ID",16017,11.3,20.4
"Bonneville, ID",16019,9.9,16.8
"Boundary, ID",16021,11.7,20.9
"Butte, ID",16023,16,22.3
"Camas, ID",16025,19,27.9
"Canyon, ID",16027,11.2,21.8
"Caribou, ID",16029,9.9,18
"Cassia, ID",16031,12.2,24.2
"Clark, ID",16033,21.2,34
"Clearwater, ID",16035,8.4,18.9
"Custer, ID",16037,15.7,23.8
"Elmore, ID",16039,15.1,22.5
"Franklin, ID",16041,13.6,23.5
"Fremont, ID",16043,17.3,30
"Gem, ID",16045,12.8,22.1
"Gooding, ID",16047,15.4,29.4
"Idaho, ID",16049,11.2,21.4
"Jefferson, ID",16051,15.2,24.7
"Jerome, ID",16053,15.8,25.7
"Kootenai, ID",16055,9.1,17.9
"Latah, ID",16057,9.6,24.2
"Lemhi, ID",16059,11.1,21.2
"Lewis, ID",16061,10.5,19.7
"Lincoln, ID",16063,19.4,31
"Madison, ID",16065,10.9,32.4
"Minidoka, ID",16067,12.8,25.6
"Nez Perce, ID",16069,7.2,15.1
"Oneida, ID",16071,15.4,22.6
"Owyhee, ID",16073,14.4,31.3
"Payette, ID",16075,9.6,20
"Power, ID",16077,13.2,26.4
"Shoshone, ID",16079,7.7,15.4
"Teton, ID",16081,25.3,32
"Twin Falls, ID",16083,10.9,21.8
"Valley, ID",16085,17.6,28.6
"Washington, ID",16087,11.7,22.8
ILLINOIS,17000,9.4,17.8
"Adams, IL",17001,6.3,15.3
"Alexander, IL",17003,7.1,9.8
"Bond, IL",17005,7.3,14.6
"Boone, IL",17007,12,19.3
"Brown, IL",17009,6.4,13.3
"Bureau, IL",17011,8.2,18.1
"Calhoun, IL",17013,11.7,21.7
"Carroll, IL",17015,7.3,18.3
"Cass, IL",17017,9.1,24.1
"Champaign, IL",17019,7.5,23.2
"Christian, IL",17021,6,12.9
"Clark, IL",17023,6.5,15.5
"Clay, IL",17025,8.7,15.9
"Clinton, IL",17027,9.2,17
"Coles, IL",17029,9.7,17.5
"Cook, IL",17031,10.8,20.4
"Crawford, IL",17033,6.4,15.5
"Cumberland, IL",17035,9.7,20.1
"DeKalb, IL",17037,9.2,22.3
"De Witt, IL",17039,6.7,13.8
"Douglas, IL",17041,12,18.9
"DuPage, IL",17043,7.7,14
"Edgar, IL",17045,7,14.2
"Edwards, IL",17047,7.4,20.3
"Effingham, IL",17049,7.6,16.5
"Fayette, IL",17051,7.2,15.8
"Ford, IL",17053,7.7,16.2
"Franklin, IL",17055,8.7,18.5
"Fulton, IL",17057,7.5,15.2
"Gallatin, IL",17059,12.1,17.9
"Greene, IL",17061,8.9,16.4
"Grundy, IL",17063,7.9,15.1
"Hamilton, IL",17065,8.2,17.1
"Hancock, IL",17067,5.9,17.5
"Hardin, IL",17069,12,15.5
"Henderson, IL",17071,9,21.2
"Henry, IL",17073,7.2,16.3
"Iroquois, IL",17075,9.3,18.6
"Jackson, IL",17077,16,24.8
"Jasper, IL",17079,7.7,18.9
"Jefferson, IL",17081,9,14.5
"Jersey, IL",17083,7.2,15.1
"Jo Daviess, IL",17085,8.4,20.1
"Johnson, IL",17087,9.9,18.2
"Kane, IL",17089,10,19.3
"Kankakee, IL",17091,7.8,14.3
"Kendall, IL",17093,9.1,15.1
"Knox, IL",17095,8.2,12.8
"Lake, IL",17097,9.3,17.4
"LaSalle, IL",17099,9.5,15.7
"Lawrence, IL",17101,6.9,16.8
"Lee, IL",17103,8,14.1
"Livingston, IL",17105,7,14.2
"Logan, IL",17107,6.4,13
"McDonough, IL",17109,10.5,23.1
"McHenry, IL",17111,8.4,15.8
"McLean, IL",17113,5.9,15.5
"Macon, IL",17115,7.1,12.7
"Macoupin, IL",17117,9.1,15.7
"Madison, IL",17119,10.6,15.4
"Marion, IL",17121,6.7,12.9
"Marshall, IL",17123,4.9,16
"Mason, IL",17125,5.7,14.8
"Massac, IL",17127,7.3,12.2
"Menard, IL",17129,7.8,15.9
"Mercer, IL",17131,6.1,17.3
"Monroe, IL",17133,7.1,14.1
"Montgomery, IL",17135,7.5,15
"Morgan, IL",17137,7.3,12.8
"Moultrie, IL",17139,8,15.1
"Ogle, IL",17141,8.5,17.6
"Peoria, IL",17143,6.8,13.3
"Perry, IL",17145,6.6,14.3
"Piatt, IL",17147,6.2,17.3
"Pike, IL",17149,9.2,17.9
"Pope, IL",17151,11,18.1
"Pulaski, IL",17153,9.9,14.8
"Putnam, IL",17155,9.5,18.4
"Randolph, IL",17157,6.7,13.8
"Richland, IL",17159,7.1,16.4
"Rock Island, IL",17161,9,16
"St. Clair, IL",17163,8.3,14.2
"Saline, IL",17165,7.9,12.1
"Sangamon, IL",17167,7.4,12.2
"Schuyler, IL",17169,7.5,18.7
"Scott, IL",17171,8.1,21
"Shelby, IL",17173,7.3,17.8
"Stark, IL",17175,7.9,21.9
"Stephenson, IL",17177,7.4,14.3
"Tazewell, IL",17179,5.8,14
"Union, IL",17181,9.7,14.8
"Vermilion, IL",17183,7.4,12.2
"Wabash, IL",17185,6.4,16.5
"Warren, IL",17187,7.8,15.4
"Washington, IL",17189,6.1,17.4
"Wayne, IL",17191,6.5,17.5
"White, IL",17193,7.3,16.4
"Whiteside, IL",17195,9.9,16.6
"Will, IL",17197,8.5,14.7
"Williamson, IL",17199,9.2,13.7
"Winnebago, IL",17201,10.7,16.2
"Woodford, IL",17203,6.6,15.2
INDIANA,18000,8.2,16.2
"Adams, IN",18001,8.9,15.5
"Allen, IN",18003,8.9,16.6
"Bartholomew, IN",18005,9.4,15.8
"Benton, IN",18007,12.8,19.9
"Blackford, IN",18009,6.9,12.9
"Boone, IN",18011,9.7,14.6
"Brown, IN",18013,12.1,20.7
"Carroll, IN",18015,10.9,17.2
"Cass, IN",18017,9.2,18.4
"Clark, IN",18019,8.4,14.5
"Clay, IN",18021,8.1,15.2
"Clinton, IN",18023,10.9,19.1
"Crawford, IN",18025,9.7,18
"Daviess, IN",18027,11.8,19.5
"Dearborn, IN",18029,9,13.7
"Decatur, IN",18031,8,14.3
"DeKalb, IN",18033,7.9,13
"Delaware, IN",18035,6.6,16.8
"Dubois, IN",18037,11.6,15
"Elkhart, IN",18039,11.1,18.7
"Fayette, IN",18041,6.5,13.2
"Floyd, IN",18043,6.8,12.2
"Fountain, IN",18045,8.1,14.5
"Franklin, IN",18047,9.1,15.3
"Fulton, IN",18049,9.4,16.3
"Gibson, IN",18051,7.3,13.8
"Grant, IN",18053,7.1,15
"Greene, IN",18055,8.1,15.6
"Hamilton, IN",18057,8.1,11.2
"Hancock, IN",18059,7.9,15.3
"Harrison, IN",18061,8.8,14.3
"Hendricks, IN",18063,7.5,14.5
"Henry, IN",18065,7.1,13.8
"Howard, IN",18067,6.2,12.2
"Huntington, IN",18069,8.1,14.8
"Jackson, IN",18071,9.6,16.8
"Jasper, IN",18073,10,16.3
"Jay, IN",18075,9.2,15.8
"Jefferson, IN",18077,9.5,16
"Jennings, IN",18079,7.8,14
"Johnson, IN",18081,7.7,12.7
"Knox, IN",18083,7.1,16.1
"Kosciusko, IN",18085,11.9,18.1
"LaGrange, IN",18087,12.6,17.8
"Lake, IN",18089,8.4,16.4
"LaPorte, IN",18091,9.8,15.3
"Lawrence, IN",18093,7.9,15.1
"Madison, IN",18095,6.5,14.3
"Marion, IN",18097,5.9,17
"Marshall, IN",18099,13.1,18.1
"Martin, IN",18101,8,15.1
"Miami, IN",18103,7.4,13.9
"Monroe, IN",18105,8.2,27.1
"Montgomery, IN",18107,8.4,14.4
"Morgan, IN",18109,8.3,15.1
"Newton, IN",18111,10.6,18.3
"Noble, IN",18113,12.5,19
"Ohio, IN",18115,9.9,16.4
"Orange, IN",18117,7.8,15
"Owen, IN",18119,10.7,17.5
"Parke, IN",18121,9.6,16.1
"Perry, IN",18123,7,13.8
"Pike, IN",18125,7.9,14.7
"Porter, IN",18127,11,16.6
"Posey, IN",18129,8.2,13.2
"Pulaski, IN",18131,9.4,16.9
"Putnam, IN",18133,8.8,16.3
"Randolph, IN",18135,8,16.9
"Ripley, IN",18137,8.9,15.6
"Rush, IN",18139,7.8,15.9
"St. Joseph, IN",18141,8.1,17.8
"Scott, IN",18143,6.5,13.9
"Shelby, IN",18145,7.7,14
"Spencer, IN",18147,10.7,17.1
"Starke, IN",18149,8.8,16.3
"Steuben, IN",18151,9.6,15.9
"Sullivan, IN",18153,8.2,16.1
"Switzerland, IN",18155,10.6,17.1
"Tippecanoe, IN",18157,10,26.2
"Tipton, IN",18159,8.1,13.6
"Union, IN",18161,10.8,19.6
"Vanderburgh, IN",18163,5.6,14.3
"Vermillion, IN",18165,7.6,14.7
"Vigo, IN",18167,6.8,16
"Wabash, IN",18169,6.6,12.4
"Warren, IN",18171,12.1,17.3
"Warrick, IN",18173,7.5,12.4
"Washington, IN",18175,8.4,15.8
"Wayne, IN",18177,6.8,14.5
"Wells, IN",18179,8.9,13
"White, IN",18181,10.7,19
"Whitley, IN",18183,9.2,14.5
IOWA,19000,5.9,12.5
"Adair, IA",19001,5,15.1
"Adams, IA",19003,6.9,14.4
"Allamakee, IA",19005,8,19.8
"Appanoose, IA",19007,6.1,11
"Audubon, IA",19009,8.7,19.4
"Benton, IA",19011,4.4,12.4
"Black Hawk, IA",19013,5.8,12
"Boone, IA",19015,4.7,10.9
"Bremer, IA",19017,3.8,12
"Buchanan, IA",19019,6.2,12.8
"Buena Vista, IA",19021,8.9,19.4
"Butler, IA",19023,7.1,15.4
"Calhoun, IA",19025,6.4,15.6
"Carroll, IA",19027,4.6,12
"Cass, IA",19029,6.1,10.8
"Cedar, IA",19031,3.6,12.8
"Cerro Gordo, IA",19033,5.2,9.9
"Cherokee, IA",19035,6.8,12.3
"Chickasaw, IA",19037,5.7,14.7
"Clarke, IA",19039,6.7,13
"Clay, IA",19041,5.8,12.7
"Clayton, IA",19043,8.6,16.1
"Clinton, IA",19045,4.9,9.1
"Crawford, IA",19047,8.7,17
"Dallas, IA",19049,4.9,12.3
"Davis, IA",19051,14.9,16.3
"Decatur, IA",19053,9.3,15.5
"Delaware, IA",19055,6.7,13.9
"Des Moines, IA",19057,5.1,9
"Dickinson, IA",19059,3.9,13.8
"Dubuque, IA",19061,4.7,10.9
"Emmet, IA",19063,6,14.3
"Fayette, IA",19065,6,12.5
"Floyd, IA",19067,5.6,11.8
"Franklin, IA",19069,7.5,17
"Fremont, IA",19071,8.2,13.2
"Greene, IA",19073,5.3,12.8
"Grundy, IA",19075,4.8,16.3
"Guthrie, IA",19077,7,17.2
"Hamilton, IA",19079,3.9,11.6
"Hancock, IA",19081,5.4,14.4
"Hardin, IA",19083,6.2,14.6
"Harrison, IA",19085,5.3,11.3
"Henry, IA",19087,3.5,9.1
"Howard, IA",19089,4.5,13.4
"Humboldt, IA",19091,5,12.3
"Ida, IA",19093,6,16.8
"Iowa, IA",19095,6,13.3
"Jackson, IA",19097,5.8,13.4
"Jasper, IA",19099,4.1,10.4
"Jefferson, IA",19101,9,14.1
"Johnson, IA",19103,6,15.2
"Jones, IA",19105,6.9,13.4
"Keokuk, IA",19107,8.6,15.8
"Kossuth, IA",19109,5.5,14.7
"Lee, IA",19111,5.7,9.9
"Linn, IA",19113,6.1,11.5
"Louisa, IA",19115,8.6,18.3
"Lucas, IA",19117,5.3,10.3
"Lyon, IA",19119,6.9,18.4
"Madison, IA",19121,3.4,13.8
"Mahaska, IA",19123,4.7,10.1
"Marion, IA",19125,4.4,10
"Marshall, IA",19127,5.8,12
"Mills, IA",19129,5.6,10.2
"Mitchell, IA",19131,6.7,13.4
"Monona, IA",19133,5.7,12.6
"Monroe, IA",19135,6.2,10.8
"Montgomery, IA",19137,5.4,10.6
"Muscatine, IA",19139,5.9,10.8
"O'Brien, IA",19141,5.6,13.7
"Osceola, IA",19143,5.4,14.5
"Page, IA",19145,5.1,9.7
"Palo Alto, IA",19147,4.4,14.5
"Plymouth, IA",19149,4.3,12.2
"Pocahontas, IA",19151,5.5,17.2
"Polk, IA",19153,5.6,11.1
"Pottawattamie, IA",19155,5.9,13.4
"Poweshiek, IA",19157,5.8,11.7
"Ringgold, IA",19159,11.2,16.3
"Sac, IA",19161,8.1,18.4
"Scott, IA",19163,6.2,11.1
"Shelby, IA",19165,4.9,13
"Sioux, IA",19167,6.1,17.1
"Story, IA",19169,6.7,19.8
"Tama, IA",19171,8.1,13.9
"Taylor, IA",19173,9.2,17
"Union, IA",19175,5.9,10.4
"Van Buren, IA",19177,8.3,14.8
"Wapello, IA",19179,6.6,10.7
"Warren, IA",19181,3.5,11.5
"Washington, IA",19183,6.9,13.8
"Wayne, IA",19185,8.8,15.2
"Webster, IA",19187,5.8,10.9
"Winnebago, IA",19189,3.6,10.8
"Winneshiek, IA",19191,5,14.3
"Woodbury, IA",19193,6.9,13.4
"Worth, IA",19195,5.7,15.6
"Wright, IA",19197,6.5,14
KANSAS,20000,7.8,15.4
"Allen, KS",20001,7,13.5
"Anderson, KS",20003,8.7,16.2
"Atchison, KS",20005,6.8,13.3
"Barber, KS",20007,11.9,19.7
"Barton, KS",20009,10.3,18.7
"Bourbon, KS",20011,6.5,13
"Brown, KS",20013,7.6,15.3
"Butler, KS",20015,7.7,13.4
"Chase, KS",20017,12.4,20
"Chautauqua, KS",20019,10.4,18.8
"Cherokee, KS",20021,5.7,12.4
"Cheyenne, KS",20023,18.3,28.7
"Clark, KS",20025,16.9,22.9
"Clay, KS",20027,9.7,15.7
"Cloud, KS",20029,7.1,14.7
"Coffey, KS",20031,7.5,13.8
"Comanche, KS",20033,17.8,24.3
"Cowley, KS",20035,7.7,14.5
"Crawford, KS",20037,6.4,16.4
"Decatur, KS",20039,15,23.3
"Dickinson, KS",20041,9.1,15.2
"Doniphan, KS",20043,9.6,16.5
"Douglas, KS",20045,8,21.8
"Edwards, KS",20047,16.6,23
"Elk, KS",20049,11.5,20.4
"Ellis, KS",20051,8.1,18.7
"Ellsworth, KS",20053,8.5,14.6
"Finney, KS",20055,12.8,22.9
"Ford, KS",20057,13.2,24.1
"Franklin, KS",20059,7,12.4
"Geary, KS",20061,8.3,18.5
"Gove, KS",20063,16.4,24.8
"Graham, KS",20065,14.7,22.4
"Grant, KS",20067,12.5,21.7
"Gray, KS",20069,19.9,27.9
"Greeley, KS",20071,21.3,27.1
"Greenwood, KS",20073,8.4,15.6
"Hamilton, KS",20075,21.9,31.2
"Harper, KS",20077,11,20.6
"Harvey, KS",20079,8.1,14.8
"Haskell, KS",20081,20.3,28.8
"Hodgeman, KS",20083,13.2,21.2
"Jackson, KS",20085,8.7,14.2
"Jefferson, KS",20087,11.1,15.7
"Jewell, KS",20089,13.6,23.5
"Johnson, KS",20091,5.8,10.7
"Kearny, KS",20093,19.9,26.1
"Kingman, KS",20095,9.6,15.4
"Kiowa, KS",20097,14.3,19.2
"Labette, KS",20099,6.2,11.7
"Lane, KS",20101,17,23.5
"Leavenworth, KS",20103,6.7,11.6
"Lincoln, KS",20105,14.4,26.6
"Linn, KS",20107,10.2,17
"Logan, KS",20109,14.3,22.1
"Lyon, KS",20111,9.9,19.4
"McPherson, KS",20113,7.5,13.1
"Marion, KS",20115,10.9,17.3
"Marshall, KS",20117,9.9,17.4
"Meade, KS",20119,18,27.2
"Miami, KS",20121,7,12
"Mitchell, KS",20123,11.2,15.3
"Montgomery, KS",20125,6.2,12.5
"Morris, KS",20127,12.1,19.3
"Morton, KS",20129,16.3,23.4
"Nemaha, KS",20131,14.1,18.7
"Neosho, KS",20133,7.3,13.7
"Ness, KS",20135,13.8,22
"Norton, KS",20137,9.6,16.2
"Osage, KS",20139,8.3,14.6
"Osborne, KS",20141,12.2,21.4
"Ottawa, KS",20143,11.9,17
"Pawnee, KS",20145,8,15.8
"Phillips, KS",20147,8.8,16.9
"Pottawatomie, KS",20149,10.5,14.5
"Pratt, KS",20151,8.1,16.1
"Rawlins, KS",20153,13.3,21
"Reno, KS",20155,7.1,13.5
"Republic, KS",20157,12.4,20.1
"Rice, KS",20159,10,17.2
"Riley, KS",20161,9.4,26.5
"Rooks, KS",20163,13.6,21.3
"Rush, KS",20165,12.8,18.8
"Russell, KS",20167,8.7,17.3
"Saline, KS",20169,7.6,14.4
"Scott, KS",20171,9.8,17.6
"Sedgwick, KS",20173,7,15.6
"Seward, KS",20175,13.1,25.4
"Shawnee, KS",20177,6.2,12.1
"Sheridan, KS",20179,16.5,24.5
"Sherman, KS",20181,8.8,16.7
"Smith, KS",20183,12.4,21.3
"Stafford, KS",20185,15.1,24.1
"Stanton, KS",20187,21.2,30.9
"Stevens, KS",20189,14.8,23.4
"Sumner, KS",20191,7.7,14.6
"Thomas, KS",20193,8.9,17
"Trego, KS",20195,12.3,20.5
"Wabaunsee, KS",20197,11.5,15.1
"Wallace, KS",20199,15.6,24.3
"Washington, KS",20201,14.9,22.4
"Wichita, KS",20203,20.3,29.3
"Wilson, KS",20205,7.5,13.9
"Woodson, KS",20207,11.3,20.9
"Wyandotte, KS",20209,7.2,18.8
KENTUCKY,21000,8.8,18.6
"Adair, KY",21001,11.8,20.9
"Allen, KY",21003,8.6,18.9
"Anderson, KY",21005,7.5,17.8
"Ballard, KY",21007,10.3,22.9
"Barren, KY",21009,10.1,18.7
"Bath, KY",21011,10.9,17.9
"Bell, KY",21013,10,12
"Boone, KY",21015,8.3,16.7
"Bourbon, KY",21017,10.9,20.4
"Boyd, KY",21019,7.6,16.8
"Boyle, KY",21021,9,18.3
"Bracken, KY",21023,8.2,20.9
"Breathitt, KY",21025,10.3,12
"Breckinridge, KY",21027,12.6,24.6
"Bullitt, KY",21029,7.3,19.7
"Butler, KY",21031,10.8,22
"Caldwell, KY",21033,9.9,18.7
"Calloway, KY",21035,10.5,28.3
"Campbell, KY",21037,6,16
"Carlisle, KY",21039,15,28.2
"Carroll, KY",21041,9.5,16.6
"Carter, KY",21043,8.9,16.8
"Casey, KY",21045,14.6,21.7
"Christian, KY",21047,12.1,20.6
"Clark, KY",21049,7.1,16.9
"Clay, KY",21051,10.5,13.1
"Clinton, KY",21053,12.2,16.9
"Crittenden, KY",21055,10.4,20.4
"Cumberland, KY",21057,10.8,21.2
"Daviess, KY",21059,7.6,17.8
"Edmonson, KY",21061,11.8,25.7
"Elliott, KY",21063,9.5,18.8
"Estill, KY",21065,9.5,15.4
"Fayette, KY",21067,8.8,22.8
"Fleming, KY",21069,10.4,21.2
"Floyd, KY",21071,10.9,14.2
"Franklin, KY",21073,9.5,17.9
"Fulton, KY",21075,9.2,14.3
"Gallatin, KY",21077,13,22.1
"Garrard, KY",21079,9.9,21.7
"Grant, KY",21081,9.2,20.1
"Graves, KY",21083,12.1,22.9
"Grayson, KY",21085,11.7,17.3
"Green, KY",21087,13.7,24.3
"Greenup, KY",21089,7.7,16.8
"Hancock, KY",21091,8.4,19.1
"Hardin, KY",21093,8.6,19.9
"Harlan, KY",21095,9.1,14.3
"Harrison, KY",21097,8.3,18.4
"Hart, KY",21099,11,18.4
"Henderson, KY",21101,7.6,16.9
"Henry, KY",21103,13,24.1
"Hickman, KY",21105,13.1,23.2
"Hopkins, KY",21107,8.7,19.1
"Jackson, KY",21109,12,17.5
"Jefferson, KY",21111,6,16.8
"Jessamine, KY",21113,8.6,20.9
"Johnson, KY",21115,11.5,16.2
"Kenton, KY",21117,5.7,15
"Knott, KY",21119,10.8,16.8
"Knox, KY",21121,9.2,13.2
"Larue, KY",21123,10.2,23
"Laurel, KY",21125,8,16.6
"Lawrence, KY",21127,10.2,15.7
"Lee, KY",21129,11.3,13
"Leslie, KY",21131,11.4,14.8
"Letcher, KY",21133,10.7,15.6
"Lewis, KY",21135,10.2,20.3
"Lincoln, KY",21137,11.3,20
"Livingston, KY",21139,8.3,22.9
"Logan, KY",21141,9.9,19.8
"Lyon, KY",21143,13.7,25.3
"McCracken, KY",21145,8,18.3
"McCreary, KY",21147,13.9,16.2
"McLean, KY",21149,13,23.8
"Madison, KY",21151,9.5,21.2
"Magoffin, KY",21153,11.1,15.8
"Marion, KY",21155,10.8,20.2
"Marshall, KY",21157,8.1,21.1
"Martin, KY",21159,11.1,13.8
"Mason, KY",21161,9.4,17.2
"Meade, KY",21163,10.1,22.9
"Menifee, KY",21165,14.3,18.8
"Mercer, KY",21167,9.3,20.2
"Metcalfe, KY",21169,12,21
"Monroe, KY",21171,15.1,22.2
"Montgomery, KY",21173,9.2,17.5
"Morgan, KY",21175,11.9,17.3
"Muhlenberg, KY",21177,9.6,19.7
"Nelson, KY",21179,8.9,20.7
"Nicholas, KY",21181,10.5,21.4
"Ohio, KY",21183,8,19.2
"Oldham, KY",21185,9.9,18.6
"Owen, KY",21187,12.2,23.5
"Owsley, KY",21189,11.6,12.1
"Pendleton, KY",21191,10.5,24.2
"Perry, KY",21193,10,15.7
"Pike, KY",21195,12.6,16.1
"Powell, KY",21197,15.8,16.9
"Pulaski, KY",21199,9.7,17.2
"Robertson, KY",21201,10.9,21.8
"Rockcastle, KY",21203,9.8,17.3
"Rowan, KY",21205,10.3,19.8
"Russell, KY",21207,12,20.5
"Scott, KY",21209,7.6,17
"Shelby, KY",21211,12.5,24.1
"Simpson, KY",21213,7,17.1
"Spencer, KY",21215,13.2,21.6
"Taylor, KY",21217,7.5,15.4
"Todd, KY",21219,14.6,25.9
"Trigg, KY",21221,10.4,21.8
"Trimble, KY",21223,9.6,21.8
"Union, KY",21225,10,22.4
"Warren, KY",21227,10.8,24.7
"Washington, KY",21229,10,23.7
"Wayne, KY",21231,11.5,15.7
"Webster, KY",21233,11.2,22.9
"Whitley, KY",21235,9.1,13.9
"Wolfe, KY",21237,12,17.2
"Woodford, KY",21239,11.2,19.9
LOUISIANA,22000,13.3,25.9
"Acadia, LA",22001,13.4,24.9
"Allen, LA",22003,13.1,24.2
"Ascension, LA",22005,12.1,23.6
"Assumption, LA",22007,11.9,23.4
"Avoyelles, LA",22009,12.6,23.1
"Beauregard, LA",22011,14.6,29.7
"Bienville, LA",22013,12.8,27.5
"Bossier, LA",22015,16.4,26.3
"Caddo, LA",22017,15.3,24.9
"Calcasieu, LA",22019,12.2,27.6
"Caldwell, LA",22021,14.8,32.1
"Cameron, LA",22023,13.9,42
"Catahoula, LA",22025,17.2,30.6
"Claiborne, LA",22027,13.6,25.9
"Concordia, LA",22029,12,22.8
"De Soto, LA",22031,13.9,29.8
"East Baton Rouge, LA",22033,11.2,25.3
"East Carroll, LA",22035,10.9,18.1
"East Feliciana, LA",22037,14.9,26.7
"Evangeline, LA",22039,12.7,20.3
"Franklin, LA",22041,14.8,28.6
"Grant, LA",22043,16.2,31.6
"Iberia, LA",22045,12.1,24.5
"Iberville, LA",22047,10.6,21.9
"Jackson, LA",22049,13.2,27.1
"Jefferson, LA",22051,11.1,26.3
"Jefferson Davis, LA",22053,13.5,28.3
"Lafayette, LA",22055,12.9,27.8
"Lafourche, LA",22057,11.8,25
"La Salle, LA",22059,13.1,27.4
"Lincoln, LA",22061,14.5,32.8
"Livingston, LA",22063,12,29.8
"Madison, LA",22065,12.5,21.4
"Morehouse, LA",22067,12,21.9
"Natchitoches, LA",22069,15,28.7
"Orleans, LA",22071,18.8,24.3
"Ouachita, LA",22073,11.3,24.9
"Plaquemines, LA",22075,13.6,27.7
"Pointe Coupee, LA",22077,14.2,26.3
"Rapides, LA",22079,12.7,23.1
"Red River, LA",22081,14.7,29.1
"Richland, LA",22083,13.4,24.3
"Sabine, LA",22085,20.8,30.8
"St. Bernard, LA",22087,32.4,28.3
"St. Charles, LA",22089,10,22.1
"St. Helena, LA",22091,15.5,33.1
"St. James, LA",22093,10.5,25.1
"St. John the Baptist, LA",22095,12.9,25.2
"St. Landry, LA",22097,12.8,23
"St. Martin, LA",22099,13.6,29.1
"St. Mary, LA",22101,11.7,23.7
"St. Tammany, LA",22103,13.6,26.3
"Tangipahoa, LA",22105,13.9,25
"Tensas, LA",22107,18.4,29.2
"Terrebonne, LA",22109,13.2,24.4
"Union, LA",22111,16.5,31.6
"Vermilion, LA",22113,14.7,30
"Vernon, LA",22115,22.1,32.7
"Washington, LA",22117,12.5,24.1
"Webster, LA",22119,11.9,24.5
"West Baton Rouge, LA",22121,11.4,24.9
"West Carroll, LA",22123,15.4,30
"West Feliciana, LA",22125,16.9,27.5
"Winn, LA",22127,13.3,25.2
MAINE,23000,6.3,12.6
"Androscoggin, ME",23001,5,9.7
"Aroostook, ME",23003,8,14.4
"Cumberland, ME",23005,4.7,11.3
"Franklin, ME",23007,6.6,13.8
"Hancock, ME",23009,8.5,18.9
"Kennebec, ME",23011,5.5,10.4
"Knox, ME",23013,6.6,14.8
"Lincoln, ME",23015,8.2,19.9
"Oxford, ME",23017,5.6,11.5
"Penobscot, ME",23019,8.7,13.1
"Piscataquis, ME",23021,10.3,13.9
"Sagadahoc, ME",23023,4.8,12.6
"Somerset, ME",23025,9.1,13.6
"Waldo, ME",23027,6.7,13.7
"Washington, ME",23029,10.5,14.8
"York, ME",23031,5.1,11.7
MARYLAND,24000,9.5,17.1
"Allegany, MD",24001,9.6,15.5
"Anne Arundel, MD",24003,7.9,14.3
"Baltimore, MD",24005,7.9,16.1
"Calvert, MD",24009,8.1,13.2
"Caroline, MD",24011,9.6,20.2
"Carroll, MD",24013,6.3,13.7
"Cecil, MD",24015,6.9,13.5
"Charles, MD",24017,7.3,13.4
"Dorchester, MD",24019,9.6,17.6
"Frederick, MD",24021,7.2,14.4
"Garrett, MD",24023,10.7,21
"Harford, MD",24025,6.9,13.5
"Howard, MD",24027,8.1,15.1
"Kent, MD",24029,12.1,21.4
"Montgomery, MD",24031,10.2,18.6
"Prince George's, MD",24033,14.5,23.4
"Queen Anne's, MD",24035,8,16.4
"St. Mary's, MD",24037,8.6,15.2
"Somerset, MD",24039,10.6,16.3
"Talbot, MD",24041,9.3,20.7
"Washington, MD",24043,8.7,17.1
"Wicomico, MD",24045,11.6,18.2
"Worcester, MD",24047,9,22.1
"Baltimore city, MD",24510,9.3,15.5
MASSACHUSETTS,25000,5.1,11.2
"Barnstable, MA",25001,3.1,11.3
"Berkshire, MA",25003,4.2,10.1
"Bristol, MA",25005,5.3,10.1
"Dukes, MA",25007,6.4,19.9
"Essex, MA",25009,6,11.7
"Franklin, MA",25011,3.3,10.4
"Hampden, MA",25013,5.1,11
"Hampshire, MA",25015,3.9,11.8
"Middlesex, MA",25017,5.1,12.2
"Nantucket, MA",25019,3.8,19.8
"Norfolk, MA",25021,4.2,9.6
"Plymouth, MA",25023,4.1,9.8
"Suffolk, MA",25025,8.3,13.7
"Worcester, MA",25027,4.3,9.6
MICHIGAN,26000,6.3,14.3
"Alcona, MI",26001,7.2,19.4
"Alger, MI",26003,8.3,16.1
"Allegan, MI",26005,5.7,13.9
"Alpena, MI",26007,5.9,12.1
"Antrim, MI",26009,6.3,19.4
"Arenac, MI",26011,7.3,15.4
"Baraga, MI",26013,10.3,16.5
"Barry, MI",26015,4.7,13.2
"Bay, MI",26017,5.7,12.3
"Benzie, MI",26019,8,20.7
"Berrien, MI",26021,8.3,15.6
"Branch, MI",26023,7.3,14.5
"Calhoun, MI",26025,6.2,11
"Cass, MI",26027,5.1,12.8
"Charlevoix, MI",26029,6.2,15.5
"Cheboygan, MI",26031,6.5,16.2
"Chippewa, MI",26033,9.3,14.8
"Clare, MI",26035,7.4,12.5
"Clinton, MI",26037,6.6,14.2
"Crawford, MI",26039,6.2,13
"Delta, MI",26041,6.4,13.2
"Dickinson, MI",26043,4,13.5
"Eaton, MI",26045,5,13.3
"Emmet, MI",26047,6.8,16.4
"Genesee, MI",26049,6,15.9
"Gladwin, MI",26051,6.8,15.5
"Gogebic, MI",26053,8.7,13.9
"Grand Traverse, MI",26055,4.6,15.2
"Gratiot, MI",26057,6.3,12.7
"Hillsdale, MI",26059,5.9,12.9
"Houghton, MI",26061,8.8,19.6
"Huron, MI",26063,5.9,15.6
"Ingham, MI",26065,8.5,17.8
"Ionia, MI",26067,5.7,12.1
"Iosco, MI",26069,5.6,13.3
"Iron, MI",26071,5.9,14.6
"Isabella, MI",26073,14.4,19.6
"Jackson, MI",26075,6.9,13.4
"Kalamazoo, MI",26077,7.7,16.2
"Kalkaska, MI",26079,5.5,14.1
"Kent, MI",26081,6.6,14.4
"Keweenaw, MI",26083,12,26
"Lake, MI",26085,10.8,14.8
"Lapeer, MI",26087,5.4,14.5
"Leelanau, MI",26089,10.1,22.3
"Lenawee, MI",26091,5.5,12.8
"Livingston, MI",26093,4.4,12.3
"Luce, MI",26095,7.7,13.1
"Mackinac, MI",26097,9.4,17
"Macomb, MI",26099,5.3,13
"Manistee, MI",26101,6.9,14
"Marquette, MI",26103,5.9,14
"Mason, MI",26105,7.2,14
"Mecosta, MI",26107,8.4,15.3
"Menominee, MI",26109,6,14.1
"Midland, MI",26111,4.8,13.9
"Missaukee, MI",26113,6.5,19.5
"Monroe, MI",26115,4.3,10.9
"Montcalm, MI",26117,6.3,14
"Montmorency, MI",26119,8.5,17.6
"Muskegon, MI",26121,5.6,10.2
"Newaygo, MI",26123,8.5,14
"Oakland, MI",26125,5,12.9
"Oceana, MI",26127,11.3,20.2
"Ogemaw, MI",26129,9,14.9
"Ontonagon, MI",26131,7.8,18.2
"Osceola, MI",26133,6.1,13.4
"Oscoda, MI",26135,9.4,16.9
"Otsego, MI",26137,5.2,13.9
"Ottawa, MI",26139,4.6,14.5
"Presque Isle, MI",26141,7,17.5
"Roscommon, MI",26143,7.8,13.5
"Saginaw, MI",26145,6.4,11.1
"St. Clair, MI",26147,6,11.9
"St. Joseph, MI",26149,7.2,14.7
"Sanilac, MI",26151,7.2,14.6
"Schoolcraft, MI",26153,8,13.8
"Shiawassee, MI",26155,5.1,12.7
"Tuscola, MI",26157,5.4,13.7
"Van Buren, MI",26159,7.5,14.7
"Washtenaw, MI",26161,7,18.4
"Wayne, MI",26163,6.9,15
"Wexford, MI",26165,5.8,12.1
MINNESOTA,27000,6,10.9
"Aitkin, MN",27001,9.5,15.4
"Anoka, MN",27003,4.9,8.6
"Becker, MN",27005,7.3,11
"Beltrami, MN",27007,9.2,11.3
"Benton, MN",27009,4.2,10.7
"Big Stone, MN",27011,8.5,14.9
"Blue Earth, MN",27013,6.4,13.6
"Brown, MN",27015,4.3,10
"Carlton, MN",27017,6.2,10.1
"Carver, MN",27019,4.5,8.6
"Cass, MN",27021,10.6,15.1
"Chippewa, MN",27023,5.5,11.6
"Chisago, MN",27025,4.7,10.1
"Clay, MN",27027,5.1,10.5
"Clearwater, MN",27029,11.7,14.5
"Cook, MN",27031,7.9,19.7
"Cottonwood, MN",27033,5.4,12.8
"Crow Wing, MN",27035,6.1,11.4
"Dakota, MN",27037,4.4,9.6
"Dodge, MN",27039,5.4,12.1
"Douglas, MN",27041,4.8,12.2
"Faribault, MN",27043,6.4,14.4
"Fillmore, MN",27045,8.6,15.9
"Freeborn, MN",27047,7.1,12.3
"Goodhue, MN",27049,5.9,9.7
"Grant, MN",27051,8.2,17.4
"Hennepin, MN",27053,7.4,10.7
"Houston, MN",27055,4.1,11.7
"Hubbard, MN",27057,7.1,13.3
"Isanti, MN",27059,6.1,12
"Itasca, MN",27061,7.2,11.3
"Jackson, MN",27063,4.4,12.7
"Kanabec, MN",27065,5.6,10.6
"Kandiyohi, MN",27067,6.5,12.1
"Kittson, MN",27069,8.7,15.4
"Koochiching, MN",27071,6.7,11.5
"Lac qui Parle, MN",27073,6.9,16.6
"Lake, MN",27075,4.2,11.9
"Lake of the Woods, MN",27077,8.3,19.6
"Le Sueur, MN",27079,5.7,11.1
"Lincoln, MN",27081,7.6,17.3
"Lyon, MN",27083,5.2,13
"McLeod, MN",27085,5.2,10.2
"Mahnomen, MN",27087,8.8,10.5
"Marshall, MN",27089,7.5,17.3
"Martin, MN",27091,6,10.4
"Meeker, MN",27093,5.7,11.9
"Mille Lacs, MN",27095,6.6,11.1
"Morrison, MN",27097,6.5,11.9
"Mower, MN",27099,6.4,11.7
"Murray, MN",27101,8.7,17.9
"Nicollet, MN",27103,3.6,10.1
"Nobles, MN",27105,9,15.9
"Norman, MN",27107,7.5,14.6
"Olmsted, MN",27109,4.6,9.2
"Otter Tail, MN",27111,8.5,14.3
"Pennington, MN",27113,5.6,10.3
"Pine, MN",27115,6.8,11
"Pipestone, MN",27117,5.3,11.4
"Polk, MN",27119,6.4,11.3
"Pope, MN",27121,6,14.9
"Ramsey, MN",27123,5.9,11.7
"Red Lake, MN",27125,6.7,15.3
"Redwood, MN",27127,6.4,12.4
"Renville, MN",27129,8.1,15.4
"Rice, MN",27131,5.9,12.7
"Rock, MN",27133,4.7,12.9
"Roseau, MN",27135,5.2,12.5
"St. Louis, MN",27137,5,9.6
"Scott, MN",27139,5.4,9.9
"Sherburne, MN",27141,4.9,11.2
"Sibley, MN",27143,11.3,15.7
"Stearns, MN",27145,6.3,13.2
"Steele, MN",27147,5.1,10.6
"Stevens, MN",27149,6.9,14.6
"Swift, MN",27151,6,11.1
"Todd, MN",27153,7.6,12.9
"Traverse, MN",27155,11.2,17.4
"Wabasha, MN",27157,5.7,12.3
"Wadena, MN",27159,6.5,10.1
"Waseca, MN",27161,4.8,10.1
"Washington, MN",27163,5,8.4
"Watonwan, MN",27165,9.5,17.2
"Wilkin, MN",27167,4.3,11.9
"Winona, MN",27169,7.4,11.8
"Wright, MN",27171,5.8,9.8
"Yellow Medicine, MN",27173,5.6,12.2
MISSISSIPPI,28000,12.8,23.7
"Adams, MS",28001,12.5,22.4
"Alcorn, MS",28003,13.6,22
"Amite, MS",28005,17,29.3
"Attala, MS",28007,12.6,21.6
"Benton, MS",28009,14,22.3
"Bolivar, MS",28011,11.6,19.1
"Calhoun, MS",28013,12.9,21.7
"Carroll, MS",28015,15.3,26.5
"Chickasaw, MS",28017,14.3,23.3
"Choctaw, MS",28019,15.5,25.5
"Claiborne, MS",28021,16.1,26.5
"Clarke, MS",28023,14.6,28.1
"Clay, MS",28025,11.1,21
"Coahoma, MS",28027,9.5,17.1
"Copiah, MS",28029,12.7,21.2
"Covington, MS",28031,17,29
"DeSoto, MS",28033,12.4,21.5
"Forrest, MS",28035,15,27.1
"Franklin, MS",28037,16.5,30.2
"George, MS",28039,16.9,28.7
"Greene, MS",28041,13.6,31.4
"Grenada, MS",28043,11.4,19.8
"Hancock, MS",28045,14,26.4
"Harrison, MS",28047,12.3,24.6
"Hinds, MS",28049,10.6,22.2
"Holmes, MS",28051,10.3,17.9
"Humphreys, MS",28053,10.8,15.9
"Issaquena, MS",28055,15.9,25.4
"Itawamba, MS",28057,13,25.2
"Jackson, MS",28059,10.5,22.9
"Jasper, MS",28061,13.3,27.3
"Jefferson, MS",28063,14.2,23.9
"Jefferson Davis, MS",28065,13.7,28.2
"Jones, MS",28067,12.5,25.2
"Kemper, MS",28069,13.5,27.4
"Lafayette, MS",28071,16.6,35.9
"Lamar, MS",28073,14.2,30.1
"Lauderdale, MS",28075,11.9,21.6
"Lawrence, MS",28077,16.2,28.8
"Leake, MS",28079,15.9,23.6
"Lee, MS",28081,12.1,21.4
"Leflore, MS",28083,10.5,17.1
"Lincoln, MS",28085,12,25.5
"Lowndes, MS",28087,13.5,23.1
"Madison, MS",28089,12.3,22
"Marion, MS",28091,14.7,23.5
"Marshall, MS",28093,12.5,25.8
"Monroe, MS",28095,12.7,22.6
"Montgomery, MS",28097,12.5,20.8
"Neshoba, MS",28099,14.4,23.6
"Newton, MS",28101,15.7,25.7
"Noxubee, MS",28103,18.7,22.3
"Oktibbeha, MS",28105,15.3,32.2
"Panola, MS",28107,12.5,23
"Pearl River, MS",28109,15.9,28.1
"Perry, MS",28111,15.2,28.8
"Pike, MS",28113,12.7,22.3
"Pontotoc, MS",28115,12.4,22.5
"Prentiss, MS",28117,11,21.2
"Quitman, MS",28119,11,17.8
"Rankin, MS",28121,13.2,20.7
"Scott, MS",28123,17,30.5
"Sharkey, MS",28125,15.8,25
"Simpson, MS",28127,15.7,27
"Smith, MS",28129,13.8,28.3
"Stone, MS",28131,12.7,27.8
"Sunflower, MS",28133,10.3,19
"Tallahatchie, MS",28135,11.8,20.5
"Tate, MS",28137,11.5,24.3
"Tippah, MS",28139,14.6,22.6
"Tishomingo, MS",28141,18.4,26.2
"Tunica, MS",28143,9.7,14.6
"Union, MS",28145,12.7,24.3
"Walthall, MS",28147,16.6,29.7
"Warren, MS",28149,10.2,20.7
"Washington, MS",28151,9.3,17.5
"Wayne, MS",28153,13.6,25.1
"Webster, MS",28155,16.4,23.8
"Wilkinson, MS",28157,14.7,25.4
"Winston, MS",28159,15.8,24.4
"Yalobusha, MS",28161,13,20.9
"Yazoo, MS",28163,13.4,25
MISSOURI,29000,8.5,16.5
"Adair, MO",29001,8.8,24.2
"Andrew, MO",29003,12,18.3
"Atchison, MO",29005,13.5,23
"Audrain, MO",29007,9.5,16.1
"Barry, MO",29009,12.3,21.5
"Barton, MO",29011,9.6,18.1
"Bates, MO",29013,11.1,20.8
"Benton, MO",29015,12.4,22.8
"Bollinger, MO",29017,12.4,21.5
"Boone, MO",29019,9,19.7
"Buchanan, MO",29021,6.9,13.9
"Butler, MO",29023,7.4,16
"Caldwell, MO",29025,13.6,21.2
"Callaway, MO",29027,9.6,16.1
"Camden, MO",29029,14.6,22.5
"Cape Girardeau, MO",29031,8.7,16.5
"Carroll, MO",29033,9.7,18
"Carter, MO",29035,11.9,23.6
"Cass, MO",29037,9.2,14.8
"Cedar, MO",29039,9.9,19.1
"Chariton, MO",29041,13.7,21.8
"Christian, MO",29043,14.2,19.5
"Clark, MO",29045,14.6,23.3
"Clay, MO",29047,8.6,13.6
"Clinton, MO",29049,11.2,18.3
"Cole, MO",29051,8.7,15.8
"Cooper, MO",29053,9.2,15.5
"Crawford, MO",29055,9.4,17.9
"Dade, MO",29057,12.4,21.7
"Dallas, MO",29059,10,18.5
"Daviess, MO",29061,15.4,23.9
"DeKalb, MO",29063,12,21
"Dent, MO",29065,8.1,17.2
"Douglas, MO",29067,8.7,18
"Dunklin, MO",29069,6.9,15.1
"Franklin, MO",29071,9.6,14.7
"Gasconade, MO",29073,11,17.7
"Gentry, MO",29075,16.3,23.7
"Greene, MO",29077,7.9,18.7
"Grundy, MO",29079,10.1,17.8
"Harrison, MO",29081,10.6,20.2
"Henry, MO",29083,8.6,16.6
"Hickory, MO",29085,13.2,24
"Holt, MO",29087,13.9,22.9
"Howard, MO",29089,10.7,19
"Howell, MO",29091,9,18.5
"Iron, MO",29093,8.7,16
"Jackson, MO",29095,8.2,17.5
"Jasper, MO",29097,8.9,18.5
"Jefferson, MO",29099,8.4,13.7
"Johnson, MO",29101,12.6,23.3
"Knox, MO",29103,16,25.8
"Laclede, MO",29105,8.3,17.1
"Lafayette, MO",29107,9.7,16.3
"Lawrence, MO",29109,11.1,20.1
"Lewis, MO",29111,15,21.9
"Lincoln, MO",29113,10.2,16.9
"Linn, MO",29115,9.5,17.3
"Livingston, MO",29117,9.4,16.7
"McDonald, MO",29119,13.8,26.5
"Macon, MO",29121,11.1,19.2
"Madison, MO",29123,8.5,17.7
"Maries, MO",29125,14.2,21.4
"Marion, MO",29127,7.8,14.3
"Mercer, MO",29129,15.3,24.1
"Miller, MO",29131,10.6,19.8
"Mississippi, MO",29133,6.6,17.3
"Moniteau, MO",29135,12,18.8
"Monroe, MO",29137,13.5,22.2
"Montgomery, MO",29139,13.2,21
"Morgan, MO",29141,14.8,25.4
"New Madrid, MO",29143,7.2,16.9
"Newton, MO",29145,9.6,17.1
"Nodaway, MO",29147,10.6,23.5
"Oregon, MO",29149,10.8,21.3
"Osage, MO",29151,12,17.2
"Ozark, MO",29153,12.8,23.3
"Pemiscot, MO",29155,5.2,13
"Perry, MO",29157,9.2,16.4
"Pettis, MO",29159,10.4,19.2
"Phelps, MO",29161,10,21.7
"Pike, MO",29163,10.8,19.1
"Platte, MO",29165,9.2,16
"Polk, MO",29167,9.8,19.2
"Pulaski, MO",29169,14.3,20.9
"Putnam, MO",29171,14.6,22.2
"Ralls, MO",29173,12,17.7
"Randolph, MO",29175,8.1,15.1
"Ray, MO",29177,9.2,15
"Reynolds, MO",29179,9.1,19.1
"Ripley, MO",29181,11,22.3
"St. Charles, MO",29183,6.6,10.9
"St. Clair, MO",29185,11.9,21.3
"Ste. Genevieve, MO",29186,9.2,15.9
"St. Francois, MO",29187,7.5,15.5
"St. Louis, MO",29189,6.5,13.6
"Saline, MO",29195,10.8,18.7
"Schuyler, MO",29197,15.2,25.8
"Scotland, MO",29199,17.5,25.1
"Scott, MO",29201,7.8,14.7
"Shannon, MO",29203,10.2,21.8
"Shelby, MO",29205,15.1,25.4
"Stoddard, MO",29207,7.9,16.9
"Stone, MO",29209,14.5,22.7
"Sullivan, MO",29211,16.7,26.1
"Taney, MO",29213,11.1,20.8
"Texas, MO",29215,11.8,22.6
"Vernon, MO",29217,9.3,17
"Warren, MO",29219,10.4,16.3
"Washington, MO",29221,7.8,16.4
"Wayne, MO",29223,9,18.7
"Webster, MO",29225,12.8,19.3
"Worth, MO",29227,14.1,25.9
"Wright, MO",29229,9,18.9
"St. Louis city, MO",29510,5.1,15.9
MONTANA,30000,12.1,21.6
"Beaverhead, MT",30001,13.5,24.7
"Big Horn, MT",30003,9.1,22.7
"Blaine, MT",30005,12.2,28.5
"Broadwater, MT",30007,15.9,23.7
"Carbon, MT",30009,20.7,27
"Carter, MT",30011,19.2,31.6
"Cascade, MT",30013,10.2,18.9
"Chouteau, MT",30015,21.7,33.1
"Custer, MT",30017,10.5,19.1
"Daniels, MT",30019,25.6,34
"Dawson, MT",30021,12.4,20.5
"Deer Lodge, MT",30023,10.6,17.3
"Fallon, MT",30025,21,28.5
"Fergus, MT",30027,12.4,23.7
"Flathead, MT",30029,12.5,20.5
"Gallatin, MT",30031,16.3,26.6
"Garfield, MT",30033,23.1,33.4
"Glacier, MT",30035,8.1,22
"Golden Valley, MT",30037,15.1,29.2
"Granite, MT",30039,20.7,30.6
"Hill, MT",30041,9.5,22.7
"Jefferson, MT",30043,15.9,20.4
"Judith Basin, MT",30045,21.9,33.6
"Lake, MT",30047,15,24.9
"Lewis and Clark, MT",30049,9.1,15.9
"Liberty, MT",30051,16.2,24
"Lincoln, MT",30053,12.7,22.4
"McCone, MT",30055,14.6,23.3
"Madison, MT",30057,22.7,30.3
"Meagher, MT",30059,20.5,30.6
"Mineral, MT",30061,13.6,25.6
"Missoula, MT",30063,9.6,23.1
"Musselshell, MT",30065,17.5,28.6
"Park, MT",30067,15.5,24.4
"Petroleum, MT",30069,22.2,34.5
"Phillips, MT",30071,16.5,30.9
"Pondera, MT",30073,10.4,22.9
"Powder River, MT",30075,21.6,33.4
"Powell, MT",30077,10.5,19.4
"Prairie, MT",30079,19,28.5
"Ravalli, MT",30081,17.4,24.2
"Richland, MT",30083,13.2,21.5
"Roosevelt, MT",30085,10.9,22.6
"Rosebud, MT",30087,11.8,23.2
"Sanders, MT",30089,16.4,28.6
"Sheridan, MT",30091,21.7,28.8
"Silver Bow, MT",30093,8.1,16
"Stillwater, MT",30095,15,20.5
"Sweet Grass, MT",30097,21.8,28.8
"Teton, MT",30099,22.4,29.5
"Toole, MT",30101,11.9,21.9
"Treasure, MT",30103,24.4,33.3
"Valley, MT",30105,12.8,23.9
"Wheatland, MT",30107,17.3,31.4
"Wibaux, MT",30109,19.7,30
"Yellowstone, MT",30111,9.4,16.6
"Yellowstone National Park, MT",30113,0,0
NEBRASKA,31000,8.1,15.3
"Adams, NE",31001,9,15.6
"Antelope, NE",31003,13.6,23.6
"Arthur, NE",31005,19.4,26.2
"Banner, NE",31007,18.7,30.9
"Blaine, NE",31009,18.6,26.6
"Boone, NE",31011,12.5,23.7
"Box Butte, NE",31013,10.9,15.4
"Boyd, NE",31015,15.7,27.7
"Brown, NE",31017,20.2,21.5
"Buffalo, NE",31019,7.7,17.9
"Burt, NE",31021,13.3,18.3
"Butler, NE",31023,8.3,15.5
"Cass, NE",31025,7.2,15.7
"Cedar, NE",31027,13.8,27.5
"Chase, NE",31029,14,22.9
"Cherry, NE",31031,13.1,17.3
"Cheyenne, NE",31033,7.7,15.6
"Clay, NE",31035,13.5,22.4
"Colfax, NE",31037,12.7,26.1
"Cuming, NE",31039,12.6,24.6
"Custer, NE",31041,11.1,17.5
"Dakota, NE",31043,12.6,18.9
"Dawes, NE",31045,14.1,19.6
"Dawson, NE",31047,12,21.5
"Deuel, NE",31049,13.8,20.4
"Dixon, NE",31051,11.3,21
"Dodge, NE",31053,8.3,14.6
"Douglas, NE",31055,6.5,12.9
"Dundy, NE",31057,18.7,28.4
"Fillmore, NE",31059,9.1,21.8
"Franklin, NE",31061,10.8,20.8
"Frontier, NE",31063,14.6,28.1
"Furnas, NE",31065,12.8,20.1
"Gage, NE",31067,7.1,12.2
"Garden, NE",31069,11.1,17.2
"Garfield, NE",31071,13.9,25.8
"Gosper, NE",31073,13.8,22.7
"Grant, NE",31075,12.5,25.3
"Greeley, NE",31077,18.2,25.4
"Hall, NE",31079,9.3,16.9
"Hamilton, NE",31081,5.8,16.6
"Harlan, NE",31083,13.4,22.3
"Hayes, NE",31085,21.2,26.1
"Hitchcock, NE",31087,14.4,22.7
"Holt, NE",31089,12.1,19.3
"Hooker, NE",31091,11.1,26.3
"Howard, NE",31093,13.5,20.6
"Jefferson, NE",31095,9.6,14.9
"Johnson, NE",31097,13.6,23.4
"Kearney, NE",31099,8.3,15.8
"Keith, NE",31101,10.5,17.5
"Keya Paha, NE",31103,22.7,28.9
"Kimball, NE",31105,12.8,17.9
"Knox, NE",31107,15.3,20.1
"Lancaster, NE",31109,6.5,13.5
"Lincoln, NE",31111,9.2,13.6
"Logan, NE",31113,20.3,22
"Loup, NE",31115,22.7,18.7
"McPherson, NE",31117,17.5,24.2
"Madison, NE",31119,11.1,16.8
"Merrick, NE",31121,9.8,16.8
"Morrill, NE",31123,12.9,20.3
"Nance, NE",31125,15.5,18.6
"Nemaha, NE",31127,9.1,14.3
"Nuckolls, NE",31129,12.5,21
"Otoe, NE",31131,8.4,14.7
"Pawnee, NE",31133,11.9,19.1
"Perkins, NE",31135,16.6,24.1
"Phelps, NE",31137,8.1,14.7
"Pierce, NE",31139,11.9,23
"Platte, NE",31141,8.5,17.8
"Polk, NE",31143,10,19.6
"Red Willow, NE",31145,9.2,16.4
"Richardson, NE",31147,9.6,16.2
"Rock, NE",31149,21.9,30.4
"Saline, NE",31151,9.5,19.9
"Sarpy, NE",31153,5.4,13.2
"Saunders, NE",31155,6.5,15.7
"Scotts Bluff, NE",31157,11.2,14.7
"Seward, NE",31159,7.1,15.4
"Sheridan, NE",31161,15.9,23.7
"Sherman, NE",31163,12.9,23.5
"Sioux, NE",31165,20.5,22.3
"Stanton, NE",31167,9.1,19.1
"Thayer, NE",31169,12.9,20.2
"Thomas, NE",31171,16.8,22.9
"Thurston, NE",31173,13.5,16.2
"Valley, NE",31175,14.1,21
"Washington, NE",31177,8,14.7
"Wayne, NE",31179,8.5,19.3
"Webster, NE",31181,12.5,19.1
"Wheeler, NE",31183,16.9,26.4
"York, NE",31185,8.6,15.4
NEVADA,32000,15.3,23.1
"Churchill, NV",32001,14.4,22.5
"Clark, NV",32003,15.9,23
"Douglas, NV",32005,12,22.6
"Elko, NV",32007,13.6,23.8
"Esmeralda, NV",32009,25.3,29.1
"Eureka, NV",32011,17.2,27.8
"Humboldt, NV",32013,16.4,23.4
"Lander, NV",32015,15.5,22.7
"Lincoln, NV",32017,21,32.3
"Lyon, NV",32019,13,20.7
"Mineral, NV",32021,12.9,15.2
"Nye, NV",32023,12.9,20.1
"Pershing, NV",32027,27.7,27.2
"Storey, NV",32029,14.6,23.8
"Washoe, NV",32031,13.5,23.6
"White Pine, NV",32033,13.2,19.6
"Carson City city, NV",32510,17.4,24.9
NEW HAMPSHIRE,33000,6.9,13.9
"Belknap, NH",33001,6.8,14.1
"Carroll, NH",33003,11.3,20.9
"Cheshire, NH",33005,8.4,14.8
"Coos, NH",33007,9.7,13.9
"Grafton, NH",33009,6.9,15.6
"Hillsborough, NH",33011,6.7,14.7
"Merrimack, NH",33013,6,12.5
"Rockingham, NH",33015,6,11.7
"Strafford, NH",33017,7.1,13.9
"Sullivan, NH",33019,8.2,14.8
NEW JERSEY,34000,11,19.1
"Atlantic, NJ",34001,10.4,17.7
"Bergen, NJ",34003,12.2,18.9
"Burlington, NJ",34005,7.6,13.8
"Camden, NJ",34007,9.8,17.3
"Cape May, NJ",34009,12.1,18.3
"Cumberland, NJ",34011,11.5,18.9
"Essex, NJ",34013,13.2,22.9
"Gloucester, NJ",34015,9.2,14.3
"Hudson, NJ",34017,15.8,29.2
"Hunterdon, NJ",34019,8.6,12.7
"Mercer, NJ",34021,10.7,16.9
"Middlesex, NJ",34023,12.9,19.5
"Monmouth, NJ",34025,8.7,16.9
"Morris, NJ",34027,7.9,14.3
"Ocean, NJ",34029,7.8,16.1
"Passaic, NJ",34031,12.4,22.4
"Salem, NJ",34033,9,14.2
"Somerset, NJ",34035,7.7,15.4
"Sussex, NJ",34037,7.9,14.3
"Union, NJ",34039,15.7,25.3
"Warren, NJ",34041,9,15.3
NEW MEXICO,35000,17.4,29
"Bernalillo, NM",35001,13,25.2
"Catron, NM",35003,29.2,39.3
"Chaves, NM",35005,17.7,29.6
"Cibola, NM",35006,18.4,22
"Colfax, NM",35007,16.4,28
"Curry, NM",35009,18.7,27.7
"De Baca, NM",35011,26,36.9
"Dona Ana, NM",35013,19.9,37.4
"Eddy, NM",35015,15,26.1
"Grant, NM",35017,16.6,25.9
"Guadalupe, NM",35019,19.8,27.1
"Harding, NM",35021,22.8,34.9
"Hidalgo, NM",35023,21.7,29.5
"Lea, NM",35025,22.6,34.7
"Lincoln, NM",35027,19.9,36.5
"Los Alamos, NM",35028,6.6,14.1
"Luna, NM",35029,24,35.3
"McKinley, NM",35031,19.8,31
"Mora, NM",35033,25.9,28.7
"Otero, NM",35035,22.8,34.5
"Quay, NM",35037,18.5,27
"Rio Arriba, NM",35039,22.5,32.1
"Roosevelt, NM",35041,18.9,31.6
"Sandoval, NM",35043,14.3,24.5
"San Juan, NM",35045,22.5,30.5
"San Miguel, NM",35047,18.8,22.8
"Santa Fe, NM",35049,20.3,32.7
"Sierra, NM",35051,21.3,27.9
"Socorro, NM",35053,23.3,29.7
"Taos, NM",35055,24.9,35.5
"Torrance, NM",35057,13.7,28.6
"Union, NM",35059,24.2,32.7
"Valencia, NM",35061,16.7,28.8
NEW YORK,36000,8.4,17.8
"Albany, NY",36001,6.7,15.7
"Allegany, NY",36003,8,18.8
"Bronx, NY",36005,6.2,14.9
"Broome, NY",36007,8.9,18.7
"Cattaraugus, NY",36009,10.1,16.2
"Cayuga, NY",36011,7.2,16.7
"Chautauqua, NY",36013,11,15.5
"Chemung, NY",36015,6.9,13.9
"Chenango, NY",36017,8.3,18
"Clinton, NY",36019,8.2,19
"Columbia, NY",36021,9.1,20.8
"Cortland, NY",36023,7.3,17.8
"Delaware, NY",36025,9.9,21
"Dutchess, NY",36027,8.3,18
"Erie, NY",36029,7.8,14.9
"Essex, NY",36031,7.3,22.7
"Franklin, NY",36033,13.1,19.4
"Fulton, NY",36035,8.7,16.9
"Genesee, NY",36037,6,17.7
"Greene, NY",36039,9.3,19
"Hamilton, NY",36041,8.9,32
"Herkimer, NY",36043,8.5,17.9
"Jefferson, NY",36045,12.2,21.8
"Kings, NY",36047,9.4,19.4
"Lewis, NY",36049,7.8,19.9
"Livingston, NY",36051,6.1,16.9
"Madison, NY",36053,5.1,17
"Monroe, NY",36055,5.4,13.4
"Montgomery, NY",36057,9.3,15.2
"Nassau, NY",36059,7.6,17.4
"New York, NY",36061,10.8,17.9
"Niagara, NY",36063,6.4,14.7
"Oneida, NY",36065,7,16.4
"Onondaga, NY",36067,7.7,16.5
"Ontario, NY",36069,10.4,17.3
"Orange, NY",36071,11.1,18.7
"Orleans, NY",36073,5.4,17.9
"Oswego, NY",36075,7.2,16.5
"Otsego, NY",36077,13.2,21.7
"Putnam, NY",36079,10.3,16.4
"Queens, NY",36081,10,21.9
"Rensselaer, NY",36083,6.6,15.5
"Richmond, NY",36085,7.4,14.8
"Rockland, NY",36087,7.8,14.8
"St. Lawrence, NY",36089,9.2,18.2
"Saratoga, NY",36091,6.1,14.9
"Schenectady, NY",36093,7.2,14.4
"Schoharie, NY",36095,7.9,18.9
"Schuyler, NY",36097,8.3,17.9
"Seneca, NY",36099,10.8,18.1
"Steuben, NY",36101,6.6,15.9
"Suffolk, NY",36103,8.2,16.7
"Sullivan, NY",36105,12.4,21.6
"Tioga, NY",36107,5.6,16.8
"Tompkins, NY",36109,5.8,30.7
"Ulster, NY",36111,12,20.1
"Warren, NY",36113,7.4,17.7
"Washington, NY",36115,6.8,17.9
"Wayne, NY",36117,7.6,16.6
"Westchester, NY",36119,7.9,19.2
"Wyoming, NY",36121,6.9,18.9
"Yates, NY",36123,9,19.2
NORTH CAROLINA,37000,11.9,20.5
"Alamance, NC",37001,12.5,22.5
"Alexander, NC",37003,8.9,20.9
"Alleghany, NC",37005,16.8,25.9
"Anson, NC",37007,9.2,15.3
"Ashe, NC",37009,15.5,25.7
"Avery, NC",37011,16.4,28.6
"Beaufort, NC",37013,13.4,19.5
"Bertie, NC",37015,10.4,16.4
"Bladen, NC",37017,12.6,16.2
"Brunswick, NC",37019,14,22.3
"Buncombe, NC",37021,11.7,21
"Burke, NC",37023,10,19
"Cabarrus, NC",37025,11.1,20.4
"Caldwell, NC",37027,9.8,16.3
"Camden, NC",37029,12.6,25.3
"Carteret, NC",37031,12.1,21.2
"Caswell, NC",37033,12.3,19
"Catawba, NC",37035,10.8,19.7
"Chatham, NC",37037,20.8,26.3
"Cherokee, NC",37039,13,23.7
"Chowan, NC",37041,10.7,19.3
"Clay, NC",37043,16.2,24.6
"Cleveland, NC",37045,9,15.9
"Columbus, NC",37047,13.4,16.2
"Craven, NC",37049,12.6,20.6
"Cumberland, NC",37051,11.1,17.9
"Currituck, NC",37053,14.6,26.2
"Dare, NC",37055,13.2,27.5
"Davidson, NC",37057,10,19
"Davie, NC",37059,12.4,23.5
"Duplin, NC",37061,19.3,28.9
"Durham, NC",37063,11.5,20.7
"Edgecombe, NC",37065,8.1,13.4
"Forsyth, NC",37067,10.6,20
"Franklin, NC",37069,13,20
"Gaston, NC",37071,9.7,17
"Gates, NC",37073,13.5,23.9
"Graham, NC",37075,18.7,23.2
"Granville, NC",37077,11.1,20.4
"Greene, NC",37079,15.4,28.7
"Guilford, NC",37081,10.8,20.6
"Halifax, NC",37083,13.2,13.5
"Harnett, NC",37085,14.2,24.5
"Haywood, NC",37087,9.4,18.7
"Henderson, NC",37089,13.1,23.3
"Hertford, NC",37091,12.3,16.6
"Hoke, NC",37093,13.9,22.6
"Hyde, NC",37095,15.3,21
"Iredell, NC",37097,11.7,21.4
"Jackson, NC",37099,16,26
"Johnston, NC",37101,17.8,24.2
"Jones, NC",37103,13.6,25.1
"Lee, NC",37105,15.7,23.3
"Lenoir, NC",37107,10.2,16.9
"Lincoln, NC",37109,13.6,22.2
"McDowell, NC",37111,11.5,19.2
"Macon, NC",37113,14,26.1
"Madison, NC",37115,11.6,20.8
"Martin, NC",37117,11.7,16.4
"Mecklenburg, NC",37119,12,20.4
"Mitchell, NC",37121,14.4,22.1
"Montgomery, NC",37123,14.5,24.7
"Moore, NC",37125,14.7,22.2
"Nash, NC",37127,11.5,18.1
"New Hanover, NC",37129,10.2,20.4
"Northampton, NC",37131,13.7,15.3
"Onslow, NC",37133,15,23.9
"Orange, NC",37135,11,27.2
"Pamlico, NC",37137,13.1,23.2
"Pasquotank, NC",37139,11.7,18.8
"Pender, NC",37141,13.8,25.2
"Perquimans, NC",37143,13,22.4
"Person, NC",37145,8.2,16.7
"Pitt, NC",37147,11.4,22
"Polk, NC",37149,16.5,26.5
"Randolph, NC",37151,12.1,21.8
"Richmond, NC",37153,10.9,16.2
"Robeson, NC",37155,13.5,18.6
"Rockingham, NC",37157,10.1,18.5
"Rowan, NC",37159,10.6,20
"Rutherford, NC",37161,10.8,16.4
"Sampson, NC",37163,15.1,24.4
"Scotland, NC",37165,9.9,13
"Stanly, NC",37167,10.9,20.1
"Stokes, NC",37169,7.7,18.2
"Surry, NC",37171,14.2,21.4
"Swain, NC",37173,17.1,26.1
"Transylvania, NC",37175,9.7,20.6
"Tyrrell, NC",37177,21.7,29.1
"Union, NC",37179,13.2,20.4
"Vance, NC",37181,11.8,16.6
"Wake, NC",37183,10.9,19.2
"Warren, NC",37185,20.5,20.6
"Washington, NC",37187,10.3,15
"Watauga, NC",37189,15,30.8
"Wayne, NC",37191,11.5,19.3
"Wilkes, NC",37193,10.8,19.4
"Wilson, NC",37195,10.2,18.6
"Yadkin, NC",37197,14,23.1
"Yancey, NC",37199,16.9,24.8
NORTH DAKOTA,38000,7.7,14.7
"Adams, ND",38001,13.6,19.4
"Barnes, ND",38003,8,13.9
"Benson, ND",38005,7.4,17.1
"Billings, ND",38007,13.7,23.2
"Bottineau, ND",38009,13.5,20.8
"Bowman, ND",38011,15,19
"Burke, ND",38013,14.4,21.4
"Burleigh, ND",38015,5.4,10.6
"Cass, ND",38017,5.7,13.4
"Cavalier, ND",38019,15.7,20.4
"Dickey, ND",38021,11.8,17.5
"Divide, ND",38023,16.9,22.4
"Dunn, ND",38025,14.1,22.3
"Eddy, ND",38027,11,17.1
"Emmons, ND",38029,15.3,22.2
"Foster, ND",38031,11.3,17.8
"Golden Valley, ND",38033,17.1,25.9
"Grand Forks, ND",38035,6.4,15.9
"Grant, ND",38037,16.5,28.2
"Griggs, ND",38039,13.7,19.3
"Hettinger, ND",38041,18,23
"Kidder, ND",38043,14.4,23.6
"LaMoure, ND",38045,13.5,20.1
"Logan, ND",38047,15.7,25.6
"McHenry, ND",38049,12.9,20.4
"McIntosh, ND",38051,13.3,22.4
"McKenzie, ND",38053,12.4,22.9
"McLean, ND",38055,11.2,17.8
"Mercer, ND",38057,7.3,11.9
"Morton, ND",38059,6.5,11.7
"Mountrail, ND",38061,13.1,22.1
"Nelson, ND",38063,14.1,20.6
"Oliver, ND",38065,13.5,16.6
"Pembina, ND",38067,13.3,18.8
"Pierce, ND",38069,9.2,17.5
"Ramsey, ND",38071,6.2,13.3
"Ransom, ND",38073,10.4,16
"Renville, ND",38075,15.7,20.2
"Richland, ND",38077,7.5,13.9
"Rolette, ND",38079,11,23.2
"Sargent, ND",38081,10.6,14.5
"Sheridan, ND",38083,15.9,25.9
"Sioux, ND",38085,5.2,14.6
"Slope, ND",38087,14,25.2
"Stark, ND",38089,6.5,12.6
"Steele, ND",38091,15.8,20.3
"Stutsman, ND",38093,7,11.5
"Towner, ND",38095,14.3,22.1
"Traill, ND",38097,11.3,15.3
"Walsh, ND",38099,10.3,14.2
"Ward, ND",38101,6.8,13.1
"Wells, ND",38103,11.9,17.7
"Williams, ND",38105,8.5,15.9
OHIO,39000,6.9,14.1
"Adams, OH",39001,6.5,14.4
"Allen, OH",39003,6.3,14.9
"Ashland, OH",39005,8.3,14.9
"Ashtabula, OH",39007,7.2,14
"Athens, OH",39009,8.1,26
"Auglaize, OH",39011,7,13.6
"Belmont, OH",39013,7,15.2
"Brown, OH",39015,6.8,13.1
"Butler, OH",39017,7.1,14.5
"Carroll, OH",39019,8.3,14.8
"Champaign, OH",39021,7.4,12.9
"Clark, OH",39023,5.6,12.7
"Clermont, OH",39025,6.9,12.6
"Clinton, OH",39027,6.4,11.7
"Columbiana, OH",39029,6.5,14.3
"Coshocton, OH",39031,7.4,14.1
"Crawford, OH",39033,6.5,13.2
"Cuyahoga, OH",39035,4.6,13.3
"Darke, OH",39037,8.7,14.3
"Defiance, OH",39039,8.2,13.4
"Delaware, OH",39041,8.1,12.2
"Erie, OH",39043,7.2,13.4
"Fairfield, OH",39045,6.9,12.8
"Fayette, OH",39047,6.5,12.4
"Franklin, OH",39049,7.2,15.8
"Fulton, OH",39051,8.5,13.5
"Gallia, OH",39053,7.3,13.1
"Geauga, OH",39055,15.2,14.8
"Greene, OH",39057,6.5,14.5
"Guernsey, OH",39059,6.6,14.1
"Hamilton, OH",39061,8.2,14.8
"Hancock, OH",39063,8.2,13.7
"Hardin, OH",39065,7.2,15
"Harrison, OH",39067,8,15.1
"Henry, OH",39069,9.6,14.7
"Highland, OH",39071,6.9,14.1
"Hocking, OH",39073,6.6,14.2
"Holmes, OH",39075,10.9,18.6
"Huron, OH",39077,8.2,14.6
"Jackson, OH",39079,7.1,14.5
"Jefferson, OH",39081,6.3,13.2
"Knox, OH",39083,8.1,13.8
"Lake, OH",39085,6.9,15.1
"Lawrence, OH",39087,5.8,14.2
"Licking, OH",39089,7.1,14.1
"Logan, OH",39091,7,12.8
"Lorain, OH",39093,7,13.2
"Lucas, OH",39095,5.3,12.3
"Madison, OH",39097,7.5,13
"Mahoning, OH",39099,5.9,13.6
"Marion, OH",39101,6,12.1
"Medina, OH",39103,8.9,13.2
"Meigs, OH",39105,7.2,16.5
"Mercer, OH",39107,8.7,14.2
"Miami, OH",39109,6.7,13.3
"Monroe, OH",39111,9.7,17
"Montgomery, OH",39113,6.7,14.5
"Morgan, OH",39115,7.4,15.5
"Morrow, OH",39117,8.7,14.4
"Muskingum, OH",39119,6.4,13
"Noble, OH",39121,8,15.9
"Ottawa, OH",39123,8.7,14.5
"Paulding, OH",39125,10.2,15.1
"Perry, OH",39127,7,13.7
"Pickaway, OH",39129,6.8,12.8
"Pike, OH",39131,5.7,12.8
"Portage, OH",39133,6.6,14.9
"Preble, OH",39135,7.4,15.3
"Putnam, OH",39137,9.7,14.4
"Richland, OH",39139,6.6,13.3
"Ross, OH",39141,7.3,12.7
"Sandusky, OH",39143,8.1,13.8
"Scioto, OH",39145,5.5,12.7
"Seneca, OH",39147,8.4,15.2
"Shelby, OH",39149,6.9,12
"Stark, OH",39151,7.4,13.9
"Summit, OH",39153,5.6,14.3
"Trumbull, OH",39155,6.3,13.3
"Tuscarawas, OH",39157,8.5,16.4
"Union, OH",39159,6.7,13.7
"Van Wert, OH",39161,8.7,13.9
"Vinton, OH",39163,6.4,14.2
"Warren, OH",39165,7.2,11.3
"Washington, OH",39167,7.8,14.8
"Wayne, OH",39169,8.8,14.1
"Williams, OH",39171,8.5,14.1
"Wood, OH",39173,7.4,15.8
"Wyandot, OH",39175,8.5,14.9
OKLAHOMA,40000,12.7,23.9
"Adair, OK",40001,9.3,23
"Alfalfa, OK",40003,26.3,35.7
"Atoka, OK",40005,12,26
"Beaver, OK",40007,30.3,34.6
"Beckham, OK",40009,14.2,26.7
"Blaine, OK",40011,17.2,32.1
"Bryan, OK",40013,11,25.4
"Caddo, OK",40015,15.9,29.8
"Canadian, OK",40017,12.6,20.5
"Carter, OK",40019,11.8,24.6
"Cherokee, OK",40021,12.6,30.9
"Choctaw, OK",40023,8.5,20.9
"Cimarron, OK",40025,31.4,44.3
"Cleveland, OK",40027,12.3,22.3
"Coal, OK",40029,16.7,30.7
"Comanche, OK",40031,14.8,22.7
"Cotton, OK",40033,14.5,25.8
"Craig, OK",40035,10,21
"Creek, OK",40037,13.1,22.4
"Custer, OK",40039,13.8,30.4
"Delaware, OK",40041,13.1,28
"Dewey, OK",40043,25.1,35.7
"Ellis, OK",40045,27.6,32.2
"Garfield, OK",40047,14.7,22.9
"Garvin, OK",40049,12.7,23.9
"Grady, OK",40051,12.6,24.4
"Grant, OK",40053,22.4,33.8
"Greer, OK",40055,11.9,23.3
"Harmon, OK",40057,19.8,32.5
"Harper, OK",40059,25,33.1
"Haskell, OK",40061,11.1,24.5
"Hughes, OK",40063,16.5,27.2
"Jackson, OK",40065,14.9,24.3
"Jefferson, OK",40067,18.3,35.1
"Johnston, OK",40069,10.1,22.7
"Kay, OK",40071,11.5,24.8
"Kingfisher, OK",40073,20.9,31.1
"Kiowa, OK",40075,11.6,24.6
"Latimer, OK",40077,10.4,23.2
"Le Flore, OK",40079,12.5,26.6
"Lincoln, OK",40081,15.8,28.8
"Logan, OK",40083,12.9,24.3
"Love, OK",40085,17.6,29.4
"McClain, OK",40087,18.3,28.3
"McCurtain, OK",40089,10.5,23.9
"McIntosh, OK",40091,13,26.3
"Major, OK",40093,23.7,32.4
"Marshall, OK",40095,17,31.6
"Mayes, OK",40097,11.9,25
"Murray, OK",40099,13.3,27.8
"Muskogee, OK",40101,13.2,27.7
"Noble, OK",40103,11.2,20.8
"Nowata, OK",40105,11.5,23.8
"Okfuskee, OK",40107,9.8,21.9
"Oklahoma, OK",40109,11.3,22.8
"Okmulgee, OK",40111,9.5,22.3
"Osage, OK",40113,14.1,26.1
"Ottawa, OK",40115,11.2,23.9
"Pawnee, OK",40117,12.7,25.7
"Payne, OK",40119,14,36.3
"Pittsburg, OK",40121,11.2,23.8
"Pontotoc, OK",40123,10.4,23.5
"Pottawatomie, OK",40125,9.8,23.1
"Pushmataha, OK",40127,12.6,26
"Roger Mills, OK",40129,29.2,37.1
"Rogers, OK",40131,11.5,20.2
"Seminole, OK",40133,9.5,22.3
"Sequoyah, OK",40135,9.7,22.8
"Stephens, OK",40137,13,24.3
"Texas, OK",40139,26.5,36.8
"Tillman, OK",40141,13.6,26.9
"Tulsa, OK",40143,12.5,20.8
"Wagoner, OK",40145,13.1,21.7
"Washington, OK",40147,13.1,25.5
"Washita, OK",40149,17.2,30.3
"Woods, OK",40151,13.5,29.3
"Woodward, OK",40153,14.9,26.2
OREGON,41000,12.1,21.3
"Baker, OR",41001,13.6,19.8
"Benton, OR",41003,10.6,27.1
"Clackamas, OR",41005,11,18.7
"Clatsop, OR",41007,14.1,22.7
"Columbia, OR",41009,8.7,16.4
"Coos, OR",41011,14.1,17.9
"Crook, OR",41013,14.1,22.2
"Curry, OR",41015,16.1,21.9
"Deschutes, OR",41017,11.4,21.7
"Douglas, OR",41019,11.1,16.6
"Gilliam, OR",41021,14.3,25.8
"Grant, OR",41023,18.7,26.3
"Harney, OR",41025,14.2,20.6
"Hood River, OR",41027,17.6,31.7
"Jackson, OR",41029,12.5,22.6
"Jefferson, OR",41031,16.8,25.7
"Josephine, OR",41033,13.3,18.4
"Klamath, OR",41035,15.5,21.9
"Lake, OR",41037,16.7,22.7
"Lane, OR",41039,15.5,23.9
"Lincoln, OR",41041,15.5,21.4
"Linn, OR",41043,10.7,18
"Malheur, OR",41045,16.3,25.1
"Marion, OR",41047,12.6,23.7
"Morrow, OR",41049,15.6,27.1
"Multnomah, OR",41051,9.8,21.2
"Polk, OR",41053,11.2,19
"Sherman, OR",41055,21.7,29.6
"Tillamook, OR",41057,17.4,27.2
"Umatilla, OR",41059,15.6,24.4
"Union, OR",41061,10.8,20.9
"Wallowa, OR",41063,19.1,29.3
"Wasco, OR",41065,17.4,22.8
"Washington, OR",41067,11.2,19.7
"Wheeler, OR",41069,24.8,32.3
"Yamhill, OR",41071,11.7,22.8
PENNSYLVANIA,42000,7.1,13.1
"Adams, PA",42001,7.2,15.6
"Allegheny, PA",42003,5.3,11.1
"Armstrong, PA",42005,7.8,14.3
"Beaver, PA",42007,5.8,11.6
"Bedford, PA",42009,8,14.4
"Berks, PA",42011,8.4,15.4
"Blair, PA",42013,8.5,11.7
"Bradford, PA",42015,10.4,17.2
"Bucks, PA",42017,6.2,12.5
"Butler, PA",42019,5.6,13
"Cambria, PA",42021,5.9,13.1
"Cameron, PA",42023,6.2,12.5
"Carbon, PA",42025,7.2,14.8
"Centre, PA",42027,10,27.7
"Chester, PA",42029,6.9,13
"Clarion, PA",42031,8,15.1
"Clearfield, PA",42033,6.9,12.7
"Clinton, PA",42035,7.8,13.5
"Columbia, PA",42037,7.8,14.1
"Crawford, PA",42039,10.5,13
"Cumberland, PA",42041,6.3,13.5
"Dauphin, PA",42043,7.5,13
"Delaware, PA",42045,6,12.6
"Elk, PA",42047,5.9,12.2
"Erie, PA",42049,6,13.5
"Fayette, PA",42051,7.6,11.1
"Forest, PA",42053,11.8,17.8
"Franklin, PA",42055,8.3,14.6
"Fulton, PA",42057,10.3,16
"Greene, PA",42059,7.7,11.5
"Huntingdon, PA",42061,7.2,13.4
"Indiana, PA",42063,12.2,16.3
"Jefferson, PA",42065,6.6,14.4
"Juniata, PA",42067,14.1,16.6
"Lackawanna, PA",42069,6.9,10.9
"Lancaster, PA",42071,11.7,13.8
"Lawrence, PA",42073,6.8,12.3
"Lebanon, PA",42075,7.9,13.1
"Lehigh, PA",42077,6.9,12.7
"Luzerne, PA",42079,7.3,11.2
"Lycoming, PA",42081,7.3,12.8
"McKean, PA",42083,7.4,12.1
"Mercer, PA",42085,7.1,11.8
"Mifflin, PA",42087,7.5,13
"Monroe, PA",42089,8.8,15.3
"Montgomery, PA",42091,5.5,11.6
"Montour, PA",42093,5.9,10.6
"Northampton, PA",42095,6.6,12.8
"Northumberland, PA",42097,7.1,13.2
"Perry, PA",42099,7.6,15.1
"Philadelphia, PA",42101,7.7,12.7
"Pike, PA",42103,9.7,18.4
"Potter, PA",42105,9.2,15.1
"Schuylkill, PA",42107,7.4,12.2
"Snyder, PA",42109,8.6,14.7
"Somerset, PA",42111,8.3,15.3
"Sullivan, PA",42113,13.6,24
"Susquehanna, PA",42115,8.1,16.2
"Tioga, PA",42117,9,15.3
"Union, PA",42119,6.7,16.2
"Venango, PA",42121,6.7,11.9
"Warren, PA",42123,6.6,13.7
"Washington, PA",42125,6,12.3
"Wayne, PA",42127,10.1,17.5
"Westmoreland, PA",42129,5.7,13.5
"Wyoming, PA",42131,8,14.7
"York, PA",42133,6.3,13.2
RHODE ISLAND,44000,7.1,13.7
"Bristol, RI",44001,3.4,11.7
"Kent, RI",44003,5.3,11.8
"Newport, RI",44005,5.6,13.8
"Providence, RI",44007,8.3,14.6
"Washington, RI",44009,5.4,13.1
SOUTH CAROLINA,45000,11.4,21.3
"Abbeville, SC",45001,10.7,18.8
"Aiken, SC",45003,9.8,18.4
"Allendale, SC",45005,7.3,17.8
"Anderson, SC",45007,9.8,20.4
"Bamberg, SC",45009,9.8,20.7
"Barnwell, SC",45011,9.1,18.8
"Beaufort, SC",45013,21.8,28.1
"Berkeley, SC",45015,12.1,18.4
"Calhoun, SC",45017,14,24.1
"Charleston, SC",45019,12.3,23.2
"Cherokee, SC",45021,9.5,19.8
"Chester, SC",45023,8,17.1
"Chesterfield, SC",45025,8.7,19.1
"Clarendon, SC",45027,9.4,21
"Colleton, SC",45029,10.1,20.7
"Darlington, SC",45031,8.6,18.7
"Dillon, SC",45033,7.5,17.7
"Dorchester, SC",45035,13,20.8
"Edgefield, SC",45037,12.6,21.5
"Fairfield, SC",45039,10.7,18.9
"Florence, SC",45041,8.8,17.8
"Georgetown, SC",45043,12.1,23.8
"Greenville, SC",45045,11.4,22
"Greenwood, SC",45047,10,21.4
"Hampton, SC",45049,9.9,18.4
"Horry, SC",45051,14.6,28.2
"Jasper, SC",45053,16,31.2
"Kershaw, SC",45055,11.2,21.1
"Lancaster, SC",45057,10.7,19.8
"Laurens, SC",45059,9.4,18
"Lee, SC",45061,8.7,23.8
"Lexington, SC",45063,11.4,20.8
"McCormick, SC",45065,12.6,20
"Marion, SC",45067,8,19.2
"Marlboro, SC",45069,6.1,15.6
"Newberry, SC",45071,13.6,24.4
"Oconee, SC",45073,11.1,24.6
"Orangeburg, SC",45075,9.9,19.3
"Pickens, SC",45077,11.6,24.5
"Richland, SC",45079,10.2,18.8
"Saluda, SC",45081,14.4,27.7
"Spartanburg, SC",45083,11.7,22.1
"Sumter, SC",45085,9,18.1
"Union, SC",45087,7.9,16.8
"Williamsburg, SC",45089,7.8,19.2
"York, SC",45091,13,20.1
SOUTH DAKOTA,46000,8.3,15.6
"Aurora, SD",46003,16.5,25.6
"Beadle, SD",46005,8.1,14.6
"Bennett, SD",46007,8.8,20.9
"Bon Homme, SD",46009,13.3,20.5
"Brookings, SD",46011,7.8,19.1
"Brown, SD",46013,6.5,12.9
"Brule, SD",46015,13.1,22.1
"Buffalo, SD",46017,4.5,16
"Butte, SD",46019,10.8,21.4
"Campbell, SD",46021,15.2,23.6
"Charles Mix, SD",46023,11.3,24.1
"Clark, SD",46025,14.1,20.5
"Clay, SD",46027,8.5,23.8
"Codington, SD",46029,7.9,14.2
"Corson, SD",46031,9.2,23.2
"Custer, SD",46033,14.5,21.4
"Davison, SD",46035,6.9,15
"Day, SD",46037,12.9,24.2
"Deuel, SD",46039,12.3,18
"Dewey, SD",46041,9.4,22.5
"Douglas, SD",46043,14.4,22.6
"Edmunds, SD",46045,16.9,23.3
"Fall River, SD",46047,7.6,16
"Faulk, SD",46049,16.5,23.8
"Grant, SD",46051,8.9,14.7
"Gregory, SD",46053,14.9,29.7
"Haakon, SD",46055,15.3,22.6
"Hamlin, SD",46057,15.4,19.2
"Hand, SD",46059,13.8,22.2
"Hanson, SD",46061,17.8,22.8
"Harding, SD",46063,13.8,25.1
"Hughes, SD",46065,7.8,14.4
"Hutchinson, SD",46067,15,20.6
"Hyde, SD",46069,11.1,19.2
"Jackson, SD",46071,8.8,22.1
"Jerauld, SD",46073,12.4,19.6
"Jones, SD",46075,18.1,30.4
"Kingsbury, SD",46077,11.9,18.2
"Lake, SD",46079,7.1,14
"Lawrence, SD",46081,8.6,17
"Lincoln, SD",46083,8.1,11.7
"Lyman, SD",46085,11.2,24.8
"McCook, SD",46087,13.2,18.9
"McPherson, SD",46089,18.1,28.1
"Marshall, SD",46091,15.1,23.6
"Meade, SD",46093,10.6,15.4
"Mellette, SD",46095,8.5,19.7
"Miner, SD",46097,12.8,19.4
"Minnehaha, SD",46099,5.5,11.3
"Moody, SD",46101,10.7,19.1
"Pennington, SD",46103,7.6,15.6
"Perkins, SD",46105,17.4,25.9
"Potter, SD",46107,16.5,20.7
"Roberts, SD",46109,10.5,21
"Sanborn, SD",46111,14.3,20.4
"Shannon, SD",46113,8.3,14.9
"Spink, SD",46115,9.3,14.1
"Stanley, SD",46117,9.8,16.7
"Sully, SD",46119,18.2,23.1
"Todd, SD",46121,4.7,14.4
"Tripp, SD",46123,8.7,19
"Turner, SD",46125,11,17
"Union, SD",46127,7.5,11.3
"Walworth, SD",46129,8.7,18.8
"Yankton, SD",46135,7.2,13
"Ziebach, SD",46137,5.8,17.7
TENNESSEE,47000,8.9,18.2
"Anderson, TN",47001,7.9,15.6
"Bedford, TN",47003,12,24.4
"Benton, TN",47005,9.7,17
"Bledsoe, TN",47007,13.2,20
"Blount, TN",47009,5.7,16.6
"Bradley, TN",47011,9,18
"Campbell, TN",47013,9.6,12.5
"Cannon, TN",47015,11.4,21
"Carroll, TN",47017,10.5,17.3
"Carter, TN",47019,9.9,14.8
"Cheatham, TN",47021,6.7,17.1
"Chester, TN",47023,9.1,17.5
"Claiborne, TN",47025,8.8,13.1
"Clay, TN",47027,12.5,19.2
"Cocke, TN",47029,9.1,15.2
"Coffee, TN",47031,9,18.4
"Crockett, TN",47033,14.6,24.8
"Cumberland, TN",47035,9.1,21.1
"Davidson, TN",47037,10,20.6
"Decatur, TN",47039,13.1,19.8
"DeKalb, TN",47041,11.4,19
"Dickson, TN",47043,8.3,17.7
"Dyer, TN",47045,8.4,14.1
"Fayette, TN",47047,11.7,22.6
"Fentress, TN",47049,18.4,18
"Franklin, TN",47051,8.7,18.1
"Gibson, TN",47053,10.6,17.3
"Giles, TN",47055,7.5,16.9
"Grainger, TN",47057,11.1,19.7
"Greene, TN",47059,8.3,17.8
"Grundy, TN",47061,12.6,16.4
"Hamblen, TN",47063,10,20.6
"Hamilton, TN",47065,8.2,17.9
"Hancock, TN",47067,11.1,12.9
"Hardeman, TN",47069,8.3,15.4
"Hardin, TN",47071,9.6,16
"Hawkins, TN",47073,7.7,14.8
"Haywood, TN",47075,9,15.2
"Henderson, TN",47077,9,16.7
"Henry, TN",47079,9.2,17.7
"Hickman, TN",47081,10.4,21
"Houston, TN",47083,12.2,21.3
"Humphreys, TN",47085,9,17.6
"Jackson, TN",47087,11,18.8
"Jefferson, TN",47089,8.5,18.4
"Johnson, TN",47091,10.5,14.9
"Knox, TN",47093,7.6,17.7
"Lake, TN",47095,10.9,15
"Lauderdale, TN",47097,7.5,13
"Lawrence, TN",47099,9.1,17.4
"Lewis, TN",47101,8.5,17.6
"Lincoln, TN",47103,9.2,17.9
"Loudon, TN",47105,9.1,18.7
"McMinn, TN",47107,9.4,16.4
"McNairy, TN",47109,8.9,15.1
"Macon, TN",47111,10.9,19
"Madison, TN",47113,8.9,17
"Marion, TN",47115,7.9,15.5
"Marshall, TN",47117,8.8,17.3
"Maury, TN",47119,8.7,17.1
"Meigs, TN",47121,10.5,16.9
"Monroe, TN",47123,10,17
"Montgomery, TN",47125,9,19
"Moore, TN",47127,8.3,23
"Morgan, TN",47129,8.7,16.8
"Obion, TN",47131,8.5,16.3
"Overton, TN",47133,8.8,16.6
"Perry, TN",47135,9.7,19.9
"Pickett, TN",47137,13.3,21.1
"Polk, TN",47139,10.7,20.1
"Putnam, TN",47141,11.1,21
"Rhea, TN",47143,8.7,15.2
"Roane, TN",47145,8.4,15.6
"Robertson, TN",47147,8.5,20.7
"Rutherford, TN",47149,7.8,18.3
"Scott, TN",47151,9.3,14.1
"Sequatchie, TN",47153,11.1,20
"Sevier, TN",47155,10.7,21.8
"Shelby, TN",47157,9.3,19.1
"Smith, TN",47159,8.6,17
"Stewart, TN",47161,11,21.6
"Sullivan, TN",47163,7,16.9
"Sumner, TN",47165,6.9,16.6
"Tipton, TN",47167,7.3,18.1
"Trousdale, TN",47169,11.6,20.5
"Unicoi, TN",47171,12.8,14.2
"Union, TN",47173,8.5,19.4
"Van Buren, TN",47175,9.3,17.7
"Warren, TN",47177,12.6,20.5
"Washington, TN",47179,8.2,17.4
"Wayne, TN",47181,10.9,19.8
"Weakley, TN",47183,9.8,20.1
"White, TN",47185,8.8,16.9
"Williamson, TN",47187,9.1,16.1
"Wilson, TN",47189,7.3,16.9
TEXAS,48000,19.5,30.3
"Anderson, TX",48001,14.5,25.3
"Andrews, TX",48003,19.6,30.1
"Angelina, TX",48005,16.9,26.4
"Aransas, TX",48007,21.1,33.8
"Archer, TX",48009,22.6,27.5
"Armstrong, TX",48011,26.3,29.3
"Atascosa, TX",48013,19.5,30.6
"Austin, TX",48015,22.8,29.8
"Bailey, TX",48017,19.6,39.3
"Bandera, TX",48019,27.8,34.7
"Bastrop, TX",48021,22.6,27.1
"Baylor, TX",48023,13.9,23.5
"Bee, TX",48025,16.5,27.6
"Bell, TX",48027,15.9,25.5
"Bexar, TX",48029,17.6,27
"Blanco, TX",48031,30.7,34.8
"Borden, TX",48033,23.9,35.8
"Bosque, TX",48035,20,27.8
"Bowie, TX",48037,12,20.9
"Brazoria, TX",48039,18.8,25.9
"Brazos, TX",48041,18.3,43.9
"Brewster, TX",48043,22.9,38.3
"Briscoe, TX",48045,32,44.5
"Brooks, TX",48047,13.1,25.5
"Brown, TX",48049,14.3,24.2
"Burleson, TX",48051,18.7,28
"Burnet, TX",48053,24.1,31.8
"Caldwell, TX",48055,17.4,29.2
"Calhoun, TX",48057,18.4,28.9
"Callahan, TX",48059,17.6,27.6
"Cameron, TX",48061,18.1,43.7
"Camp, TX",48063,20,29.6
"Carson, TX",48065,20.2,24.3
"Cass, TX",48067,13.6,22
"Castro, TX",48069,21.8,39.6
"Chambers, TX",48071,18.8,24
"Cherokee, TX",48073,18.7,30.4
"Childress, TX",48075,16.6,28.5
"Clay, TX",48077,17.4,24.7
"Cochran, TX",48079,23.5,37.4
"Coke, TX",48081,22.2,31.4
"Coleman, TX",48083,15.9,28.8
"Collin, TX",48085,13.3,18.9
"Collingsworth, TX",48087,28,39.8
"Colorado, TX",48089,20.8,32.4
"Comal, TX",48091,19.3,24.6
"Comanche, TX",48093,20.3,33.7
"Concho, TX",48095,21.3,31.3
"Cooke, TX",48097,20.7,29.9
"Coryell, TX",48099,17.2,26.9
"Cottle, TX",48101,23,37.1
"Crane, TX",48103,24.9,31.2
"Crockett, TX",48105,23.9,37.4
"Crosby, TX",48107,20.4,34.2
"Culberson, TX",48109,26.1,44.9
"Dallam, TX",48111,30.6,38.4
"Dallas, TX",48113,24.5,32.8
"Dawson, TX",48115,18.3,28.5
"Deaf Smith, TX",48117,20.8,35.3
"Delta, TX",48119,17.6,26.9
"Denton, TX",48121,17.1,21
"DeWitt, TX",48123,16,27
"Dickens, TX",48125,22,33.4
"Dimmit, TX",48127,14.5,28.7
"Donley, TX",48129,24.9,35.4
"Duval, TX",48131,13.8,23.6
"Eastland, TX",48133,16.5,28
"Ector, TX",48135,16.2,30
"Edwards, TX",48137,34,47.7
"Ellis, TX",48139,20.8,26.6
"El Paso, TX",48141,17.6,39.1
"Erath, TX",48143,21,36.7
"Falls, TX",48145,16.7,28.7
"Fannin, TX",48147,17,25.7
"Fayette, TX",48149,19.7,30.3
"Fisher, TX",48151,23.6,33.3
"Floyd, TX",48153,19.1,31.5
"Foard, TX",48155,24.2,34.9
"Fort Bend, TX",48157,20.3,24.1
"Franklin, TX",48159,21.5,27.5
"Freestone, TX",48161,17.7,27.6
"Frio, TX",48163,14.8,28.7
"Gaines, TX",48165,24.2,40.1
"Galveston, TX",48167,15.4,24.6
"Garza, TX",48169,19.4,33.3
"Gillespie, TX",48171,26.8,34.9
"Glasscock, TX",48173,35.5,39.1
"Goliad, TX",48175,20.9,28.8
"Gonzales, TX",48177,19.4,33.7
"Gray, TX",48179,18.2,27.7
"Grayson, TX",48181,16.5,26.1
"Gregg, TX",48183,19.5,25.6
"Grimes, TX",48185,21.2,30.3
"Guadalupe, TX",48187,19,25.8
"Hale, TX",48189,17.8,30.4
"Hall, TX",48191,29.8,45.2
"Hamilton, TX",48193,20.8,31.2
"Hansford, TX",48195,29.2,38.3
"Hardeman, TX",48197,16.8,26.3
"Hardin, TX",48199,14.5,22.4
"Harris, TX",48201,22.7,36.6
"Harrison, TX",48203,17.7,26.1
"Hartley, TX",48205,24,25.5
"Haskell, TX",48207,18.8,34.2
"Hays, TX",48209,18.7,27.8
"Hemphill, TX",48211,30.2,33.8
"Henderson, TX",48213,16.9,28.1
"Hidalgo, TX",48215,16.7,40.2
"Hill, TX",48217,20.1,31.2
"Hockley, TX",48219,18.8,30.8
"Hood, TX",48221,17.6,27.5
"Hopkins, TX",48223,18.6,30.3
"Houston, TX",48225,15.8,27.5
"Howard, TX",48227,15.9,26.2
"Hudspeth, TX",48229,31.5,52.2
"Hunt, TX",48231,16.4,26
"Hutchinson, TX",48233,16.6,26.7
"Irion, TX",48235,26.5,31
"Jack, TX",48237,21.6,28.3
"Jackson, TX",48239,17.9,27.7
"Jasper, TX",48241,13.5,23.8
"Jeff Davis, TX",48243,31.8,47
"Jefferson, TX",48245,13.7,26.9
"Jim Hogg, TX",48247,14.1,26.1
"Jim Wells, TX",48249,15.5,29.7
"Johnson, TX",48251,17.1,26.1
"Jones, TX",48253,16.7,25.4
"Karnes, TX",48255,17.2,28.9
"Kaufman, TX",48257,18.6,25.9
"Kendall, TX",48259,22.7,28.4
"Kenedy, TX",48261,33.4,46.9
"Kent, TX",48263,32.1,34.1
"Kerr, TX",48265,20,29.9
"Kimble, TX",48267,22.6,35.5
"King, TX",48269,19.4,30
"Kinney, TX",48271,21.2,34.6
"Kleberg, TX",48273,15,30.4
"Knox, TX",48275,23.8,34.3
"Lamar, TX",48277,12,23.2
"Lamb, TX",48279,20.1,32.7
"Lampasas, TX",48281,22,30.3
"La Salle, TX",48283,12.5,25.4
"Lavaca, TX",48285,17.4,27.2
"Lee, TX",48287,24,28.5
"Leon, TX",48289,24,31.7
"Liberty, TX",48291,15.8,28.5
"Limestone, TX",48293,17,26.1
"Lipscomb, TX",48295,33.5,37.7
"Live Oak, TX",48297,18.6,29.4
"Llano, TX",48299,22.1,26.4
"Loving, TX",48301,20.6,36.2
"Lubbock, TX",48303,19.1,31.3
"Lynn, TX",48305,21.7,33.6
"McCulloch, TX",48307,17.1,30.2
"McLennan, TX",48309,16.4,29.7
"McMullen, TX",48311,32.5,38.4
"Madison, TX",48313,21.2,31.9
"Marion, TX",48315,15.7,26.9
"Martin, TX",48317,23,33.3
"Mason, TX",48319,35.9,43.2
"Matagorda, TX",48321,16.6,31.8
"Maverick, TX",48323,17.4,39.1
"Medina, TX",48325,21.1,28.8
"Menard, TX",48327,25.1,42.1
"Midland, TX",48329,20.2,27.5
"Milam, TX",48331,17.7,27.6
"Mills, TX",48333,25.3,34.2
"Mitchell, TX",48335,17.6,28.9
"Montague, TX",48337,18,27.2
"Montgomery, TX",48339,21,26.1
"Moore, TX",48341,31.6,37.1
"Morris, TX",48343,14.4,21.9
"Motley, TX",48345,27,36.4
"Nacogdoches, TX",48347,16.6,33.2
"Navarro, TX",48349,18.9,30.4
"Newton, TX",48351,14.6,25.5
"Nolan, TX",48353,14.4,24.5
"Nueces, TX",48355,14.2,26.3
"Ochiltree, TX",48357,25.4,35.4
"Oldham, TX",48359,26.1,32.2
"Orange, TX",48361,11.1,19.1
"Palo Pinto, TX",48363,18,28.9
"Panola, TX",48365,16.3,26.2
"Parker, TX",48367,17.6,25.1
"Parmer, TX",48369,28.7,39.8
"Pecos, TX",48371,23.2,36.2
"Polk, TX",48373,20.4,28
"Potter, TX",48375,15.7,27.9
"Presidio, TX",48377,25.8,45.2
"Rains, TX",48379,22.6,32.3
"Randall, TX",48381,16.5,23.4
"Reagan, TX",48383,29.1,36.4
"Real, TX",48385,20.6,36.9
"Red River, TX",48387,13.3,23.8
"Reeves, TX",48389,16.8,30.6
"Refugio, TX",48391,17.7,27.6
"Roberts, TX",48393,24.3,28.2
"Robertson, TX",48395,21.1,28.7
"Rockwall, TX",48397,18.2,24.5
"Runnels, TX",48399,18.3,28.6
"Rusk, TX",48401,19.7,27.3
"Sabine, TX",48403,16,23.7
"San Augustine, TX",48405,16.6,24.9
"San Jacinto, TX",48407,18.6,29.9
"San Patricio, TX",48409,14.2,26.8
"San Saba, TX",48411,20.7,35.4
"Schleicher, TX",48413,33.2,40.7
"Scurry, TX",48415,16.3,27.3
"Shackelford, TX",48417,27.7,35.5
"Shelby, TX",48419,20.8,30.9
"Sherman, TX",48421,36.6,42.7
"Smith, TX",48423,18.7,28.9
"Somervell, TX",48425,23.9,29.8
"Starr, TX",48427,15.7,36.8
"Stephens, TX",48429,17.6,30.4
"Sterling, TX",48431,31.5,36.1
"Stonewall, TX",48433,25.6,36.4
"Sutton, TX",48435,24.2,34.6
"Swisher, TX",48437,19.6,30.9
"Tarrant, TX",48439,20.7,27.4
"Taylor, TX",48441,15.4,25.6
"Terrell, TX",48443,34.3,45.1
"Terry, TX",48445,19.1,31.8
"Throckmorton, TX",48447,28.3,36
"Titus, TX",48449,23.6,35.4
"Tom Green, TX",48451,16,26.5
"Travis, TX",48453,17.8,28.4
"Trinity, TX",48455,19.5,30.3
"Tyler, TX",48457,13.6,24
"Upshur, TX",48459,16,25
"Upton, TX",48461,30.4,38.2
"Uvalde, TX",48463,18.6,30.8
"Val Verde, TX",48465,18.1,35.3
"Van Zandt, TX",48467,20.9,30.3
"Victoria, TX",48469,14.3,24.3
"Walker, TX",48471,16.4,32.9
"Waller, TX",48473,20.5,34.1
"Ward, TX",48475,16.2,27.7
"Washington, TX",48477,19.7,26.1
"Webb, TX",48479,25.4,48.7
"Wharton, TX",48481,18.6,32.6
"Wheeler, TX",48483,29.2,36.3
"Wichita, TX",48485,15.6,24.3
"Wilbarger, TX",48487,14.7,25.4
"Willacy, TX",48489,15.4,31
"Williamson, TX",48491,15.4,19.2
"Wilson, TX",48493,21.5,26.8
"Winkler, TX",48495,22.3,33.2
"Wise, TX",48497,19.4,29.1
"Wood, TX",48499,20.6,29.5
"Yoakum, TX",48501,28.1,37.9
"Young, TX",48503,16.9,28.6
"Zapata, TX",48505,26.6,40
"Zavala, TX",48507,13.7,28.3
UTAH,49000,11.1,19.2
"Beaver, UT",49001,14.8,28.8
"Box Elder, UT",49003,8.7,18
"Cache, UT",49005,9.8,23.7
"Carbon, UT",49007,8.8,13.2
"Daggett, UT",49009,11,29.7
"Davis, UT",49011,6.3,14.7
"Duchesne, UT",49013,12.1,19.6
"Emery, UT",49015,10.3,19
"Garfield, UT",49017,11.8,24.3
"Grand, UT",49019,13,21.3
"Iron, UT",49021,12.1,22.4
"Juab, UT",49023,8,18.2
"Kane, UT",49025,10.3,22.8
"Millard, UT",49027,13.3,23.6
"Morgan, UT",49029,12.7,22.9
"Piute, UT",49031,16.8,26.3
"Rich, UT",49033,16.2,29.5
"Salt Lake, UT",49035,13,18.5
"San Juan, UT",49037,13.5,19.1
"Sanpete, UT",49039,12.3,25.9
"Sevier, UT",49041,9.9,17.6
"Summit, UT",49043,17.4,22.2
"Tooele, UT",49045,9.5,17.6
"Uintah, UT",49047,16.5,21.2
"Utah, UT",49049,10.2,20.9
"Wasatch, UT",49051,13.5,24.1
"Washington, UT",49053,12,25
"Wayne, UT",49055,12.3,26.7
"Weber, UT",49057,10.3,17.4
VERMONT,50000,6.8,14
"Addison, VT",50001,6.3,14.8
"Bennington, VT",50003,7.9,14.4
"Caledonia, VT",50005,9.2,13.8
"Chittenden, VT",50007,5.1,14.2
"Essex, VT",50009,6.5,16.2
"Franklin, VT",50011,6.7,11.7
"Grand Isle, VT",50013,11.3,18
"Lamoille, VT",50015,8.5,21
"Orange, VT",50017,6.4,16.1
"Orleans, VT",50019,11.1,15.5
"Rutland, VT",50021,9.2,13
"Washington, VT",50023,4.6,12.2
"Windham, VT",50025,6.7,12.7
"Windsor, VT",50027,6.7,12.9
VIRGINIA,51000,9.4,17.1
"Accomack, VA",51001,13.5,24.3
"Albemarle, VA",51003,12,21.1
"Alleghany, VA",51005,8.1,14.6
"Amelia, VA",51007,11.7,22.8
"Amherst, VA",51009,8.4,15.7
"Appomattox, VA",51011,11.5,19.4
"Arlington, VA",51013,10.8,22.6
"Augusta, VA",51015,10.2,15.4
"Bath, VA",51017,13.6,22.4
"Bedford, VA",51019,11.6,18
"Bland, VA",51021,10.3,17.2
"Botetourt, VA",51023,10.1,14.7
"Brunswick, VA",51025,8.3,17.2
"Buchanan, VA",51027,8.1,16.1
"Buckingham, VA",51029,11.2,21.1
"Campbell, VA",51031,9,16.2
"Caroline, VA",51033,12.1,18.7
"Carroll, VA",51035,10,19.9
"Charles City, VA",51036,13,21.3
"Charlotte, VA",51037,10.9,21.6
"Chesterfield, VA",51041,9,15.3
"Clarke, VA",51043,10,15.7
"Craig, VA",51045,11.5,20.1
"Culpeper, VA",51047,12.1,19.7
"Cumberland, VA",51049,10.2,20
"Dickenson, VA",51051,8.7,17.5
"Dinwiddie, VA",51053,8.6,14.7
"Essex, VA",51057,9.5,16.8
"Fairfax, VA",51059,9.5,18
"Fauquier, VA",51061,11.4,17.6
"Floyd, VA",51063,14.1,23.4
"Fluvanna, VA",51065,12.1,17.7
"Franklin, VA",51067,10.8,18.9
"Frederick, VA",51069,9.9,15
"Giles, VA",51071,8.4,15.9
"Gloucester, VA",51073,13.3,20.8
"Goochland, VA",51075,12.1,17.2
"Grayson, VA",51077,10.1,19.6
"Greene, VA",51079,14.2,20.5
"Greensville, VA",51081,6.8,13.6
"Halifax, VA",51083,7.6,15.8
"Hanover, VA",51085,8.2,12.6
"Henrico, VA",51087,9.1,15.3
"Henry, VA",51089,8.9,19.1
"Highland, VA",51091,16,28.9
"Isle of Wight, VA",51093,8.9,16.3
"James City, VA",51095,9.5,15.1
"King and Queen, VA",51097,10.6,19.9
"King George, VA",51099,12,17.5
"King William, VA",51101,10.1,15.1
"Lancaster, VA",51103,14.3,24.7
"Lee, VA",51105,7.5,16.2
"Loudoun, VA",51107,8.5,12.3
"Louisa, VA",51109,12.2,18.5
"Lunenburg, VA",51111,9.9,19.3
"Madison, VA",51113,16.7,24
"Mathews, VA",51115,13.7,21.8
"Mecklenburg, VA",51117,8.8,18.7
"Middlesex, VA",51119,15.9,25.1
"Montgomery, VA",51121,10.2,30.9
"Nelson, VA",51125,13.7,21.2
"New Kent, VA",51127,13.8,17.4
"Northampton, VA",51131,11.8,24.1
"Northumberland, VA",51133,16.2,24.4
"Nottoway, VA",51135,8.5,18.3
"Orange, VA",51137,10.6,17.4
"Page, VA",51139,9.6,19.9
"Patrick, VA",51141,10.4,20.7
"Pittsylvania, VA",51143,9.1,17.6
"Powhatan, VA",51145,15.2,19.5
"Prince Edward, VA",51147,8.4,18.7
"Prince George, VA",51149,12.8,18.1
"Prince William, VA",51153,10.7,17.7
"Pulaski, VA",51155,6.7,14
"Rappahannock, VA",51157,17.1,25.9
"Richmond, VA",51159,10.2,20.7
"Roanoke, VA",51161,8,15.8
"Rockbridge, VA",51163,11,20
"Rockingham, VA",51165,15.2,19.6
"Russell, VA",51167,7.3,15.6
"Scott, VA",51169,6.7,15.7
"Shenandoah, VA",51171,11.7,19.4
"Smyth, VA",51173,7.4,15.8
"Southampton, VA",51175,8.9,16.8
"Spotsylvania, VA",51177,9.4,13.9
"Stafford, VA",51179,9.3,13.9
"Surry, VA",51181,10.1,16.7
"Sussex, VA",51183,8.9,16.9
"Tazewell, VA",51185,6.8,17.5
"Warren, VA",51187,9.3,16.6
"Washington, VA",51191,8.1,17.4
"Westmoreland, VA",51193,11.4,22.3
"Wise, VA",51195,6.3,14.3
"Wythe, VA",51197,8.4,16.8
"York, VA",51199,12.4,15
"Alexandria, VA",51510,12,19.5
"Bedford, VA",51515,5.2,13
"Bristol, VA",51520,6,10.7
"Buena Vista, VA",51530,5,11.2
"Charlottesville, VA",51540,8.5,28.2
"Chesapeake, VA",51550,8.7,13.9
"Clifton Forge, VA",51560,0,0
"Colonial Heights, VA",51570,9.2,17
"Covington, VA",51580,6.4,15.3
"Danville, VA",51590,5.1,13.3
"Emporia, VA",51595,5.5,14.7
"Fairfax, VA",51600,13.6,20.2
"Falls Church, VA",51610,9.6,14.4
"Franklin, VA",51620,5.6,13.9
"Fredericksburg, VA",51630,8.3,18.6
"Galax, VA",51640,8.3,19.1
"Hampton, VA",51650,7.8,14.5
"Harrisonburg, VA",51660,10.6,33.2
"Hopewell, VA",51670,5.5,13.1
"Lexington, VA",51678,8.1,23.7
"Lynchburg, VA",51680,5.4,16.2
"Manassas, VA",51683,11.9,24.2
"Manassas Park, VA",51685,12.5,20.5
"Martinsville, VA",51690,5.2,13.5
"Newport News, VA",51700,6.9,14.7
"Norfolk, VA",51710,6.8,18
"Norton, VA",51720,3.8,10.5
"Petersburg, VA",51730,4.6,12
"Poquoson, VA",51735,8.9,13.2
"Portsmouth, VA",51740,5.6,12.7
"Radford, VA",51750,5.7,27.7
"Richmond, VA",51760,5.8,17.1
"Roanoke, VA",51770,5.3,14.2
"Salem, VA",51775,5.4,11.4
"South Boston, VA",51780,0,0
"Staunton, VA",51790,6.1,13.5
"Suffolk, VA",51800,9,15.6
"Virginia Beach, VA",51810,11.3,15.9
"Waynesboro, VA",51820,8.1,16.7
"Williamsburg, VA",51830,10.1,22.2
"Winchester, VA",51840,8.1,19.2
WASHINGTON,53000,8.4,16
"Adams, WA",53001,10.8,26.5
"Asotin, WA",53003,6.3,11.8
"Benton, WA",53005,8.3,14.7
"Chelan, WA",53007,12.2,18.3
"Clallam, WA",53009,11,16.7
"Clark, WA",53011,6.6,15.7
"Columbia, WA",53013,9.2,15
"Cowlitz, WA",53015,7.8,12.8
"Douglas, WA",53017,12.6,21.7
"Ferry, WA",53019,15.3,15.9
"Franklin, WA",53021,14.5,24.3
"Garfield, WA",53023,14.5,20.1
"Grant, WA",53025,14.3,23
"Grays Harbor, WA",53027,11.3,15.6
"Island, WA",53029,10.5,18.5
"Jefferson, WA",53031,8.7,19.2
"King, WA",53033,6.7,14.6
"Kitsap, WA",53035,8,14.4
"Kittitas, WA",53037,10.5,24
"Klickitat, WA",53039,11.4,18.4
"Lewis, WA",53041,9.9,17.3
"Lincoln, WA",53043,11.8,20.2
"Mason, WA",53045,9.6,16.4
"Okanogan, WA",53047,16,21.8
"Pacific, WA",53049,11.4,18.7
"Pend Oreille, WA",53051,11.5,15
"Pierce, WA",53053,8.5,15
"San Juan, WA",53055,15.6,29.3
"Skagit, WA",53057,9.7,18.4
"Skamania, WA",53059,11.5,18.5
"Snohomish, WA",53061,8.3,14.9
"Spokane, WA",53063,7.4,15.3
"Stevens, WA",53065,10.1,14.9
"Thurston, WA",53067,6.8,14
"Wahkiakum, WA",53069,9.9,20.4
"Walla Walla, WA",53071,10.3,19
"Whatcom, WA",53073,9.4,19.8
"Whitman, WA",53075,11.9,32
"Yakima, WA",53077,11.4,22.1
WEST VIRGINIA,54000,8.9,20.8
"Barbour, WV",54001,9.4,22.9
"Berkeley, WV",54003,10.1,20.4
"Boone, WV",54005,7.1,16.9
"Braxton, WV",54007,10.1,23.6
"Brooke, WV",54009,10,17.5
"Cabell, WV",54011,7.8,19.1
"Calhoun, WV",54013,9.3,27.8
"Clay, WV",54015,8.2,20.9
"Doddridge, WV",54017,11,26.3
"Fayette, WV",54019,7.8,19.9
"Gilmer, WV",54021,10.5,28.4
"Grant, WV",54023,11.3,24.1
"Greenbrier, WV",54025,9.9,22.8
"Hampshire, WV",54027,14.2,26
"Hancock, WV",54029,9.8,19.4
"Hardy, WV",54031,12.8,23.4
"Harrison, WV",54033,8.3,20.7
"Jackson, WV",54035,9.1,20.2
"Jefferson, WV",54037,11.6,21
"Kanawha, WV",54039,7.3,18.9
"Lewis, WV",54041,8.8,22.1
"Lincoln, WV",54043,8,20.3
"Logan, WV",54045,6.7,18.1
"McDowell, WV",54047,5.2,19.9
"Marion, WV",54049,10.4,24.6
"Marshall, WV",54051,8.7,18.3
"Mason, WV",54053,6.7,14.3
"Mercer, WV",54055,7.6,18.4
"Mineral, WV",54057,9.5,21.7
"Mingo, WV",54059,6.8,17.3
"Monongalia, WV",54061,10.3,29.6
"Monroe, WV",54063,13.5,26.8
"Morgan, WV",54065,15.8,25.2
"Nicholas, WV",54067,8.8,22.2
"Ohio, WV",54069,10.5,23.3
"Pendleton, WV",54071,15,28
"Pleasants, WV",54073,10.5,20.3
"Pocahontas, WV",54075,13,25.8
"Preston, WV",54077,11.5,24.7
"Putnam, WV",54079,9,18.3
"Raleigh, WV",54081,7.2,18.6
"Randolph, WV",54083,8.9,21.6
"Ritchie, WV",54085,12.3,25.2
"Roane, WV",54087,7.5,20.2
"Summers, WV",54089,8.3,20.5
"Taylor, WV",54091,9.4,21.7
"Tucker, WV",54093,13.4,27.4
"Tyler, WV",54095,8.5,19.7
"Upshur, WV",54097,8.9,22.3
"Wayne, WV",54099,6.6,18.3
"Webster, WV",54101,8.5,21.5
"Wetzel, WV",54103,8.8,20.4
"Wirt, WV",54105,11.6,25
"Wood, WV",54107,7.8,18.2
"Wyoming, WV",54109,7.6,18.4
WISCONSIN,55000,5.7,11.6
"Adams, WI",55001,7.9,12.9
"Ashland, WI",55003,8.5,12.7
"Barron, WI",55005,5.8,11.7
"Bayfield, WI",55007,10.7,18.2
"Brown, WI",55009,5.5,11
"Buffalo, WI",55011,6.1,14.3
"Burnett, WI",55013,8.9,15.8
"Calumet, WI",55015,3.8,10.3
"Chippewa, WI",55017,5.2,11.1
"Clark, WI",55019,9.2,14.4
"Columbia, WI",55021,4.9,10.7
"Crawford, WI",55023,5.8,10.8
"Dane, WI",55025,6.1,13.6
"Dodge, WI",55027,4.7,10.9
"Door, WI",55029,5.8,15.1
"Douglas, WI",55031,5.9,12.8
"Dunn, WI",55033,5.5,13
"Eau Claire, WI",55035,5.7,12.2
"Florence, WI",55037,6.5,17.1
"Fond du Lac, WI",55039,4.8,10.4
"Forest, WI",55041,11.5,15.7
"Grant, WI",55043,7.6,14.1
"Green, WI",55045,4.6,12
"Green Lake, WI",55047,7.4,12.8
"Iowa, WI",55049,6.5,13.4
"Iron, WI",55051,7.5,15.7
"Jackson, WI",55053,8,12.1
"Jefferson, WI",55055,4.4,11.8
"Juneau, WI",55057,6.4,11.7
"Kenosha, WI",55059,5.7,10.3
"Kewaunee, WI",55061,4.7,12
"La Crosse, WI",55063,4.6,11.1
"Lafayette, WI",55065,9.9,17.8
"Langlade, WI",55067,6.3,11.4
"Lincoln, WI",55069,5.3,10.9
"Manitowoc, WI",55071,5,11.4
"Marathon, WI",55073,4.7,12.4
"Marinette, WI",55075,5.4,10.9
"Marquette, WI",55077,7.2,14.4
"Menominee, WI",55078,7.9,8.9
"Milwaukee, WI",55079,6.7,11.2
"Monroe, WI",55081,6.1,11.4
"Oconto, WI",55083,5.2,12.5
"Oneida, WI",55085,5.3,12.4
"Outagamie, WI",55087,5.8,11.5
"Ozaukee, WI",55089,4.6,10.5
"Pepin, WI",55091,8.8,15.4
"Pierce, WI",55093,3.8,13.3
"Polk, WI",55095,5.7,13.3
"Portage, WI",55097,5.6,12.1
"Price, WI",55099,6.6,13.2
"Racine, WI",55101,5.9,10.5
"Richland, WI",55103,6.6,11.6
"Rock, WI",55105,5.1,9.8
"Rusk, WI",55107,6.3,10.5
"St. Croix, WI",55109,4.4,10.5
"Sauk, WI",55111,5.4,10.8
"Sawyer, WI",55113,12.7,16.4
"Shawano, WI",55115,7.5,13
"Sheboygan, WI",55117,5.2,11.2
"Taylor, WI",55119,5.7,11
"Trempealeau, WI",55121,6.7,13.7
"Vernon, WI",55123,7.1,12.5
"Vilas, WI",55125,12.5,18.7
"Walworth, WI",55127,7.3,15.3
"Washburn, WI",55129,7.2,12.6
"Washington, WI",55131,3.4,9.1
"Waukesha, WI",55133,3.7,9.1
"Waupaca, WI",55135,5.6,11.2
"Waushara, WI",55137,9.7,16.2
"Winnebago, WI",55139,4.8,10.3
"Wood, WI",55141,4.2,9.4
WYOMING,56000,9.5,18.6
"Albany, WY",56001,10,26.3
"Big Horn, WY",56003,15.4,23.8
"Campbell, WY",56005,5.5,15.2
"Carbon, WY",56007,10,19.6
"Converse, WY",56009,8,15.8
"Crook, WY",56011,9.5,23.1
"Fremont, WY",56013,14.2,17.5
"Goshen, WY",56015,11.7,16.8
"Hot Springs, WY",56017,11.4,16.1
"Johnson, WY",56019,8,22.2
"Laramie, WY",56021,8.4,15.8
"Lincoln, WY",56023,10,20.6
"Natrona, WY",56025,8.8,15.1
"Niobrara, WY",56027,13.3,24.7
"Park, WY",56029,8.5,20.2
"Platte, WY",56031,9.4,18.8
"Sheridan, WY",56033,10.5,19.9
"Sublette, WY",56035,11.3,25.5
"Sweetwater, WY",56037,10.5,18.8
"Teton, WY",56039,11.8,26.7
"Uinta, WY",56041,8.5,16.7
"Washakie, WY",56043,9.6,18.4
"Weston, WY",56045,6.6,18.2